Accident_ID,Severity
1,Significant_Damage_And_Fatalities
10,Significant_Damage_And_Serious_Injuries
14,Significant_Damage_And_Fatalities
17,Significant_Damage_And_Fatalities
21,Highly_Fatal_And_Damaging
40,Significant_Damage_And_Fatalities
45,Significant_Damage_And_Fatalities
50,Highly_Fatal_And_Damaging
52,Highly_Fatal_And_Damaging
85,Significant_Damage_And_Fatalities
95,Significant_Damage_And_Fatalities
106,Significant_Damage_And_Fatalities
111,Highly_Fatal_And_Damaging
123,Significant_Damage_And_Serious_Injuries
129,Significant_Damage_And_Serious_Injuries
130,Significant_Damage_And_Fatalities
132,Highly_Fatal_And_Damaging
137,Significant_Damage_And_Fatalities
159,Significant_Damage_And_Fatalities
161,Highly_Fatal_And_Damaging
162,Highly_Fatal_And_Damaging
166,Significant_Damage_And_Fatalities
170,Highly_Fatal_And_Damaging
173,Significant_Damage_And_Fatalities
177,Highly_Fatal_And_Damaging
180,Significant_Damage_And_Serious_Injuries
182,Highly_Fatal_And_Damaging
183,Highly_Fatal_And_Damaging
184,Highly_Fatal_And_Damaging
188,Significant_Damage_And_Fatalities
190,Significant_Damage_And_Fatalities
191,Significant_Damage_And_Fatalities
201,Significant_Damage_And_Fatalities
203,Highly_Fatal_And_Damaging
206,Significant_Damage_And_Serious_Injuries
217,Significant_Damage_And_Fatalities
220,Highly_Fatal_And_Damaging
221,Significant_Damage_And_Fatalities
225,Highly_Fatal_And_Damaging
229,Significant_Damage_And_Serious_Injuries
231,Significant_Damage_And_Fatalities
232,Significant_Damage_And_Fatalities
234,Significant_Damage_And_Serious_Injuries
236,Highly_Fatal_And_Damaging
237,Significant_Damage_And_Serious_Injuries
240,Highly_Fatal_And_Damaging
245,Significant_Damage_And_Fatalities
250,Significant_Damage_And_Serious_Injuries
252,Highly_Fatal_And_Damaging
254,Significant_Damage_And_Fatalities
261,Significant_Damage_And_Fatalities
265,Highly_Fatal_And_Damaging
266,Significant_Damage_And_Serious_Injuries
271,Highly_Fatal_And_Damaging
273,Significant_Damage_And_Serious_Injuries
274,Significant_Damage_And_Fatalities
275,Highly_Fatal_And_Damaging
280,Significant_Damage_And_Serious_Injuries
285,Highly_Fatal_And_Damaging
292,Highly_Fatal_And_Damaging
304,Significant_Damage_And_Serious_Injuries
311,Significant_Damage_And_Fatalities
316,Highly_Fatal_And_Damaging
317,Highly_Fatal_And_Damaging
318,Significant_Damage_And_Fatalities
321,Significant_Damage_And_Fatalities
322,Highly_Fatal_And_Damaging
327,Significant_Damage_And_Serious_Injuries
332,Significant_Damage_And_Fatalities
338,Significant_Damage_And_Fatalities
356,Significant_Damage_And_Fatalities
364,Highly_Fatal_And_Damaging
372,Highly_Fatal_And_Damaging
379,Significant_Damage_And_Serious_Injuries
380,Highly_Fatal_And_Damaging
384,Highly_Fatal_And_Damaging
388,Significant_Damage_And_Fatalities
390,Significant_Damage_And_Serious_Injuries
401,Significant_Damage_And_Fatalities
408,Highly_Fatal_And_Damaging
413,Highly_Fatal_And_Damaging
416,Significant_Damage_And_Fatalities
426,Highly_Fatal_And_Damaging
428,Significant_Damage_And_Fatalities
432,Significant_Damage_And_Fatalities
433,Highly_Fatal_And_Damaging
437,Significant_Damage_And_Fatalities
440,Significant_Damage_And_Serious_Injuries
444,Highly_Fatal_And_Damaging
447,Significant_Damage_And_Fatalities
451,Significant_Damage_And_Serious_Injuries
461,Significant_Damage_And_Fatalities
469,Significant_Damage_And_Fatalities
470,Significant_Damage_And_Serious_Injuries
481,Significant_Damage_And_Fatalities
483,Highly_Fatal_And_Damaging
490,Significant_Damage_And_Serious_Injuries
491,Significant_Damage_And_Fatalities
494,Highly_Fatal_And_Damaging
495,Significant_Damage_And_Fatalities
497,Significant_Damage_And_Fatalities
504,Significant_Damage_And_Fatalities
509,Significant_Damage_And_Fatalities
511,Significant_Damage_And_Fatalities
513,Highly_Fatal_And_Damaging
514,Significant_Damage_And_Fatalities
518,Significant_Damage_And_Fatalities
520,Significant_Damage_And_Fatalities
526,Significant_Damage_And_Fatalities
529,Significant_Damage_And_Fatalities
530,Significant_Damage_And_Fatalities
532,Significant_Damage_And_Fatalities
536,Highly_Fatal_And_Damaging
543,Significant_Damage_And_Serious_Injuries
553,Highly_Fatal_And_Damaging
559,Significant_Damage_And_Fatalities
561,Significant_Damage_And_Serious_Injuries
563,Significant_Damage_And_Fatalities
566,Highly_Fatal_And_Damaging
593,Significant_Damage_And_Fatalities
595,Significant_Damage_And_Fatalities
597,Significant_Damage_And_Serious_Injuries
602,Significant_Damage_And_Fatalities
604,Highly_Fatal_And_Damaging
615,Significant_Damage_And_Fatalities
617,Highly_Fatal_And_Damaging
618,Significant_Damage_And_Fatalities
622,Significant_Damage_And_Serious_Injuries
626,Significant_Damage_And_Fatalities
633,Significant_Damage_And_Serious_Injuries
636,Highly_Fatal_And_Damaging
642,Significant_Damage_And_Fatalities
648,Significant_Damage_And_Fatalities
651,Highly_Fatal_And_Damaging
653,Highly_Fatal_And_Damaging
658,Significant_Damage_And_Serious_Injuries
659,Significant_Damage_And_Serious_Injuries
660,Significant_Damage_And_Fatalities
662,Significant_Damage_And_Fatalities
665,Significant_Damage_And_Fatalities
674,Significant_Damage_And_Fatalities
676,Significant_Damage_And_Fatalities
682,Highly_Fatal_And_Damaging
686,Significant_Damage_And_Serious_Injuries
687,Highly_Fatal_And_Damaging
692,Significant_Damage_And_Serious_Injuries
699,Significant_Damage_And_Fatalities
703,Significant_Damage_And_Serious_Injuries
706,Highly_Fatal_And_Damaging
708,Significant_Damage_And_Serious_Injuries
714,Significant_Damage_And_Serious_Injuries
719,Significant_Damage_And_Serious_Injuries
721,Significant_Damage_And_Serious_Injuries
725,Significant_Damage_And_Fatalities
728,Significant_Damage_And_Fatalities
733,Significant_Damage_And_Fatalities
735,Highly_Fatal_And_Damaging
736,Significant_Damage_And_Fatalities
745,Significant_Damage_And_Fatalities
762,Significant_Damage_And_Serious_Injuries
768,Highly_Fatal_And_Damaging
773,Highly_Fatal_And_Damaging
777,Significant_Damage_And_Serious_Injuries
781,Significant_Damage_And_Serious_Injuries
782,Significant_Damage_And_Fatalities
797,Significant_Damage_And_Fatalities
801,Significant_Damage_And_Fatalities
815,Significant_Damage_And_Serious_Injuries
818,Highly_Fatal_And_Damaging
824,Significant_Damage_And_Fatalities
832,Significant_Damage_And_Fatalities
834,Significant_Damage_And_Serious_Injuries
842,Significant_Damage_And_Fatalities
850,Significant_Damage_And_Fatalities
855,Significant_Damage_And_Fatalities
860,Significant_Damage_And_Fatalities
865,Highly_Fatal_And_Damaging
867,Significant_Damage_And_Fatalities
868,Significant_Damage_And_Fatalities
873,Highly_Fatal_And_Damaging
876,Significant_Damage_And_Fatalities
882,Significant_Damage_And_Serious_Injuries
886,Highly_Fatal_And_Damaging
887,Significant_Damage_And_Fatalities
888,Significant_Damage_And_Serious_Injuries
889,Highly_Fatal_And_Damaging
898,Highly_Fatal_And_Damaging
902,Highly_Fatal_And_Damaging
908,Highly_Fatal_And_Damaging
909,Significant_Damage_And_Fatalities
914,Significant_Damage_And_Fatalities
927,Significant_Damage_And_Serious_Injuries
940,Significant_Damage_And_Serious_Injuries
944,Significant_Damage_And_Serious_Injuries
950,Highly_Fatal_And_Damaging
951,Significant_Damage_And_Fatalities
953,Highly_Fatal_And_Damaging
956,Significant_Damage_And_Fatalities
967,Significant_Damage_And_Fatalities
977,Significant_Damage_And_Fatalities
978,Significant_Damage_And_Serious_Injuries
979,Significant_Damage_And_Fatalities
982,Significant_Damage_And_Serious_Injuries
989,Significant_Damage_And_Fatalities
990,Significant_Damage_And_Fatalities
999,Highly_Fatal_And_Damaging
1005,Significant_Damage_And_Serious_Injuries
1011,Significant_Damage_And_Fatalities
1013,Significant_Damage_And_Serious_Injuries
1015,Highly_Fatal_And_Damaging
1018,Significant_Damage_And_Fatalities
1021,Highly_Fatal_And_Damaging
1022,Significant_Damage_And_Fatalities
1024,Highly_Fatal_And_Damaging
1025,Significant_Damage_And_Fatalities
1031,Highly_Fatal_And_Damaging
1036,Significant_Damage_And_Fatalities
1048,Significant_Damage_And_Fatalities
1050,Significant_Damage_And_Fatalities
1055,Significant_Damage_And_Serious_Injuries
1057,Significant_Damage_And_Fatalities
1072,Significant_Damage_And_Fatalities
1075,Significant_Damage_And_Fatalities
1082,Significant_Damage_And_Fatalities
1102,Significant_Damage_And_Fatalities
1103,Significant_Damage_And_Fatalities
1109,Significant_Damage_And_Serious_Injuries
1114,Significant_Damage_And_Serious_Injuries
1116,Significant_Damage_And_Serious_Injuries
1123,Highly_Fatal_And_Damaging
1127,Significant_Damage_And_Serious_Injuries
1135,Significant_Damage_And_Fatalities
1143,Highly_Fatal_And_Damaging
1144,Significant_Damage_And_Fatalities
1147,Highly_Fatal_And_Damaging
1149,Significant_Damage_And_Serious_Injuries
1155,Significant_Damage_And_Fatalities
1158,Significant_Damage_And_Fatalities
1160,Highly_Fatal_And_Damaging
1164,Highly_Fatal_And_Damaging
1170,Significant_Damage_And_Serious_Injuries
1175,Significant_Damage_And_Fatalities
1179,Highly_Fatal_And_Damaging
1186,Significant_Damage_And_Fatalities
1193,Highly_Fatal_And_Damaging
1197,Significant_Damage_And_Fatalities
1198,Significant_Damage_And_Fatalities
1207,Significant_Damage_And_Fatalities
1213,Highly_Fatal_And_Damaging
1217,Highly_Fatal_And_Damaging
1226,Significant_Damage_And_Fatalities
1227,Significant_Damage_And_Fatalities
1234,Significant_Damage_And_Serious_Injuries
1238,Significant_Damage_And_Serious_Injuries
1240,Significant_Damage_And_Fatalities
1242,Significant_Damage_And_Fatalities
1250,Significant_Damage_And_Fatalities
1251,Highly_Fatal_And_Damaging
1256,Significant_Damage_And_Fatalities
1258,Significant_Damage_And_Fatalities
1269,Significant_Damage_And_Serious_Injuries
1270,Significant_Damage_And_Serious_Injuries
1271,Significant_Damage_And_Fatalities
1272,Significant_Damage_And_Serious_Injuries
1279,Significant_Damage_And_Fatalities
1282,Significant_Damage_And_Fatalities
1284,Significant_Damage_And_Serious_Injuries
1285,Significant_Damage_And_Serious_Injuries
1286,Significant_Damage_And_Serious_Injuries
1294,Significant_Damage_And_Fatalities
1305,Significant_Damage_And_Fatalities
1310,Significant_Damage_And_Fatalities
1312,Significant_Damage_And_Fatalities
1325,Significant_Damage_And_Fatalities
1333,Significant_Damage_And_Serious_Injuries
1343,Highly_Fatal_And_Damaging
1347,Highly_Fatal_And_Damaging
1348,Significant_Damage_And_Fatalities
1350,Significant_Damage_And_Serious_Injuries
1355,Significant_Damage_And_Serious_Injuries
1357,Highly_Fatal_And_Damaging
1371,Significant_Damage_And_Serious_Injuries
1378,Significant_Damage_And_Fatalities
1393,Significant_Damage_And_Serious_Injuries
1398,Significant_Damage_And_Fatalities
1405,Highly_Fatal_And_Damaging
1406,Significant_Damage_And_Serious_Injuries
1407,Significant_Damage_And_Serious_Injuries
1421,Highly_Fatal_And_Damaging
1431,Significant_Damage_And_Serious_Injuries
1432,Significant_Damage_And_Fatalities
1437,Significant_Damage_And_Fatalities
1439,Highly_Fatal_And_Damaging
1440,Significant_Damage_And_Serious_Injuries
1441,Highly_Fatal_And_Damaging
1442,Significant_Damage_And_Fatalities
1448,Significant_Damage_And_Serious_Injuries
1450,Significant_Damage_And_Fatalities
1453,Significant_Damage_And_Serious_Injuries
1454,Highly_Fatal_And_Damaging
1460,Significant_Damage_And_Fatalities
1461,Highly_Fatal_And_Damaging
1473,Significant_Damage_And_Fatalities
1481,Significant_Damage_And_Fatalities
1488,Significant_Damage_And_Serious_Injuries
1499,Significant_Damage_And_Serious_Injuries
1502,Significant_Damage_And_Fatalities
1505,Highly_Fatal_And_Damaging
1511,Significant_Damage_And_Fatalities
1516,Significant_Damage_And_Fatalities
1523,Significant_Damage_And_Fatalities
1527,Highly_Fatal_And_Damaging
1560,Highly_Fatal_And_Damaging
1566,Significant_Damage_And_Fatalities
1567,Highly_Fatal_And_Damaging
1568,Significant_Damage_And_Fatalities
1569,Highly_Fatal_And_Damaging
1570,Highly_Fatal_And_Damaging
1576,Significant_Damage_And_Fatalities
1589,Significant_Damage_And_Fatalities
1592,Significant_Damage_And_Serious_Injuries
1598,Highly_Fatal_And_Damaging
1599,Highly_Fatal_And_Damaging
1600,Highly_Fatal_And_Damaging
1607,Highly_Fatal_And_Damaging
1608,Significant_Damage_And_Fatalities
1611,Significant_Damage_And_Fatalities
1613,Significant_Damage_And_Serious_Injuries
1623,Significant_Damage_And_Serious_Injuries
1647,Significant_Damage_And_Serious_Injuries
1649,Significant_Damage_And_Fatalities
1658,Highly_Fatal_And_Damaging
1662,Significant_Damage_And_Fatalities
1668,Significant_Damage_And_Fatalities
1676,Significant_Damage_And_Fatalities
1678,Significant_Damage_And_Fatalities
1682,Highly_Fatal_And_Damaging
1690,Significant_Damage_And_Serious_Injuries
1701,Highly_Fatal_And_Damaging
1710,Significant_Damage_And_Fatalities
1723,Significant_Damage_And_Serious_Injuries
1725,Significant_Damage_And_Serious_Injuries
1747,Significant_Damage_And_Fatalities
1748,Significant_Damage_And_Fatalities
1754,Significant_Damage_And_Fatalities
1756,Significant_Damage_And_Fatalities
1757,Significant_Damage_And_Fatalities
1770,Significant_Damage_And_Fatalities
1774,Significant_Damage_And_Fatalities
1776,Significant_Damage_And_Fatalities
1789,Highly_Fatal_And_Damaging
1794,Significant_Damage_And_Serious_Injuries
1804,Significant_Damage_And_Fatalities
1806,Significant_Damage_And_Serious_Injuries
1807,Significant_Damage_And_Fatalities
1811,Significant_Damage_And_Fatalities
1814,Significant_Damage_And_Fatalities
1826,Highly_Fatal_And_Damaging
1832,Highly_Fatal_And_Damaging
1835,Significant_Damage_And_Serious_Injuries
1839,Significant_Damage_And_Serious_Injuries
1840,Highly_Fatal_And_Damaging
1848,Significant_Damage_And_Fatalities
1849,Significant_Damage_And_Serious_Injuries
1850,Significant_Damage_And_Fatalities
1854,Significant_Damage_And_Serious_Injuries
1861,Significant_Damage_And_Serious_Injuries
1866,Significant_Damage_And_Serious_Injuries
1868,Significant_Damage_And_Fatalities
1872,Significant_Damage_And_Fatalities
1875,Significant_Damage_And_Fatalities
1877,Significant_Damage_And_Serious_Injuries
1879,Significant_Damage_And_Serious_Injuries
1880,Significant_Damage_And_Fatalities
1892,Significant_Damage_And_Serious_Injuries
1896,Significant_Damage_And_Serious_Injuries
1898,Highly_Fatal_And_Damaging
1899,Highly_Fatal_And_Damaging
1903,Significant_Damage_And_Fatalities
1909,Significant_Damage_And_Fatalities
1912,Highly_Fatal_And_Damaging
1920,Significant_Damage_And_Serious_Injuries
1933,Significant_Damage_And_Fatalities
1940,Significant_Damage_And_Serious_Injuries
1941,Significant_Damage_And_Serious_Injuries
1944,Significant_Damage_And_Fatalities
1946,Significant_Damage_And_Serious_Injuries
1950,Significant_Damage_And_Serious_Injuries
1955,Significant_Damage_And_Fatalities
1957,Significant_Damage_And_Serious_Injuries
1958,Significant_Damage_And_Fatalities
1965,Significant_Damage_And_Fatalities
1971,Significant_Damage_And_Fatalities
1974,Highly_Fatal_And_Damaging
1980,Highly_Fatal_And_Damaging
1984,Significant_Damage_And_Serious_Injuries
1990,Highly_Fatal_And_Damaging
1991,Highly_Fatal_And_Damaging
1994,Significant_Damage_And_Serious_Injuries
1997,Significant_Damage_And_Fatalities
2006,Highly_Fatal_And_Damaging
2008,Highly_Fatal_And_Damaging
2013,Significant_Damage_And_Fatalities
2015,Significant_Damage_And_Fatalities
2016,Significant_Damage_And_Fatalities
2021,Significant_Damage_And_Fatalities
2023,Highly_Fatal_And_Damaging
2038,Significant_Damage_And_Serious_Injuries
2040,Significant_Damage_And_Fatalities
2048,Significant_Damage_And_Fatalities
2063,Significant_Damage_And_Fatalities
2073,Significant_Damage_And_Fatalities
2075,Significant_Damage_And_Fatalities
2081,Highly_Fatal_And_Damaging
2082,Significant_Damage_And_Fatalities
2086,Significant_Damage_And_Fatalities
2090,Significant_Damage_And_Fatalities
2091,Highly_Fatal_And_Damaging
2094,Significant_Damage_And_Serious_Injuries
2096,Significant_Damage_And_Serious_Injuries
2097,Significant_Damage_And_Serious_Injuries
2101,Highly_Fatal_And_Damaging
2103,Significant_Damage_And_Fatalities
2106,Significant_Damage_And_Fatalities
2107,Highly_Fatal_And_Damaging
2113,Significant_Damage_And_Fatalities
2122,Significant_Damage_And_Fatalities
2123,Significant_Damage_And_Fatalities
2132,Significant_Damage_And_Serious_Injuries
2134,Significant_Damage_And_Serious_Injuries
2141,Significant_Damage_And_Serious_Injuries
2145,Significant_Damage_And_Fatalities
2147,Significant_Damage_And_Fatalities
2149,Significant_Damage_And_Fatalities
2155,Significant_Damage_And_Fatalities
2161,Significant_Damage_And_Fatalities
2177,Significant_Damage_And_Fatalities
2179,Significant_Damage_And_Serious_Injuries
2182,Significant_Damage_And_Serious_Injuries
2192,Significant_Damage_And_Fatalities
2195,Significant_Damage_And_Serious_Injuries
2196,Significant_Damage_And_Fatalities
2197,Significant_Damage_And_Serious_Injuries
2199,Highly_Fatal_And_Damaging
2204,Highly_Fatal_And_Damaging
2206,Significant_Damage_And_Serious_Injuries
2212,Significant_Damage_And_Fatalities
2215,Highly_Fatal_And_Damaging
2217,Highly_Fatal_And_Damaging
2220,Significant_Damage_And_Fatalities
2222,Significant_Damage_And_Serious_Injuries
2227,Significant_Damage_And_Fatalities
2239,Highly_Fatal_And_Damaging
2241,Significant_Damage_And_Fatalities
2246,Significant_Damage_And_Fatalities
2254,Significant_Damage_And_Fatalities
2255,Significant_Damage_And_Serious_Injuries
2259,Highly_Fatal_And_Damaging
2263,Highly_Fatal_And_Damaging
2264,Significant_Damage_And_Fatalities
2269,Significant_Damage_And_Fatalities
2281,Significant_Damage_And_Fatalities
2284,Significant_Damage_And_Serious_Injuries
2285,Significant_Damage_And_Fatalities
2292,Significant_Damage_And_Serious_Injuries
2293,Highly_Fatal_And_Damaging
2299,Highly_Fatal_And_Damaging
2301,Highly_Fatal_And_Damaging
2302,Highly_Fatal_And_Damaging
2303,Significant_Damage_And_Serious_Injuries
2307,Significant_Damage_And_Fatalities
2315,Significant_Damage_And_Fatalities
2316,Significant_Damage_And_Fatalities
2317,Significant_Damage_And_Fatalities
2320,Highly_Fatal_And_Damaging
2322,Highly_Fatal_And_Damaging
2334,Highly_Fatal_And_Damaging
2336,Significant_Damage_And_Serious_Injuries
2342,Significant_Damage_And_Fatalities
2343,Significant_Damage_And_Serious_Injuries
2349,Significant_Damage_And_Fatalities
2354,Highly_Fatal_And_Damaging
2357,Significant_Damage_And_Fatalities
2364,Highly_Fatal_And_Damaging
2370,Highly_Fatal_And_Damaging
2379,Significant_Damage_And_Fatalities
2389,Significant_Damage_And_Fatalities
2400,Significant_Damage_And_Fatalities
2402,Highly_Fatal_And_Damaging
2406,Highly_Fatal_And_Damaging
2427,Highly_Fatal_And_Damaging
2429,Significant_Damage_And_Serious_Injuries
2435,Highly_Fatal_And_Damaging
2438,Highly_Fatal_And_Damaging
2439,Highly_Fatal_And_Damaging
2449,Significant_Damage_And_Fatalities
2454,Highly_Fatal_And_Damaging
2455,Significant_Damage_And_Serious_Injuries
2462,Significant_Damage_And_Fatalities
2471,Significant_Damage_And_Fatalities
2472,Significant_Damage_And_Fatalities
2475,Highly_Fatal_And_Damaging
2476,Significant_Damage_And_Serious_Injuries
2483,Significant_Damage_And_Fatalities
2485,Significant_Damage_And_Serious_Injuries
2488,Highly_Fatal_And_Damaging
2492,Significant_Damage_And_Fatalities
2494,Highly_Fatal_And_Damaging
2504,Significant_Damage_And_Fatalities
2510,Significant_Damage_And_Serious_Injuries
2516,Significant_Damage_And_Fatalities
2517,Significant_Damage_And_Serious_Injuries
2519,Significant_Damage_And_Serious_Injuries
2527,Significant_Damage_And_Fatalities
2529,Significant_Damage_And_Serious_Injuries
2540,Significant_Damage_And_Serious_Injuries
2546,Significant_Damage_And_Serious_Injuries
2553,Significant_Damage_And_Serious_Injuries
2554,Significant_Damage_And_Fatalities
2558,Highly_Fatal_And_Damaging
2572,Highly_Fatal_And_Damaging
2585,Highly_Fatal_And_Damaging
2587,Significant_Damage_And_Fatalities
2597,Significant_Damage_And_Serious_Injuries
2599,Significant_Damage_And_Serious_Injuries
2600,Highly_Fatal_And_Damaging
2601,Significant_Damage_And_Serious_Injuries
2608,Significant_Damage_And_Fatalities
2613,Significant_Damage_And_Serious_Injuries
2616,Significant_Damage_And_Fatalities
2619,Significant_Damage_And_Serious_Injuries
2620,Significant_Damage_And_Serious_Injuries
2621,Significant_Damage_And_Fatalities
2622,Significant_Damage_And_Fatalities
2623,Significant_Damage_And_Fatalities
2634,Significant_Damage_And_Serious_Injuries
2636,Highly_Fatal_And_Damaging
2640,Significant_Damage_And_Fatalities
2643,Highly_Fatal_And_Damaging
2646,Highly_Fatal_And_Damaging
2651,Highly_Fatal_And_Damaging
2653,Significant_Damage_And_Fatalities
2654,Highly_Fatal_And_Damaging
2657,Significant_Damage_And_Serious_Injuries
2658,Significant_Damage_And_Serious_Injuries
2664,Significant_Damage_And_Fatalities
2667,Highly_Fatal_And_Damaging
2668,Significant_Damage_And_Fatalities
2680,Significant_Damage_And_Fatalities
2682,Significant_Damage_And_Fatalities
2692,Significant_Damage_And_Fatalities
2693,Significant_Damage_And_Fatalities
2695,Highly_Fatal_And_Damaging
2697,Significant_Damage_And_Fatalities
2698,Highly_Fatal_And_Damaging
2703,Significant_Damage_And_Serious_Injuries
2718,Significant_Damage_And_Fatalities
2728,Highly_Fatal_And_Damaging
2729,Highly_Fatal_And_Damaging
2736,Significant_Damage_And_Fatalities
2737,Significant_Damage_And_Serious_Injuries
2738,Significant_Damage_And_Fatalities
2739,Highly_Fatal_And_Damaging
2746,Significant_Damage_And_Fatalities
2750,Highly_Fatal_And_Damaging
2755,Significant_Damage_And_Fatalities
2764,Highly_Fatal_And_Damaging
2767,Significant_Damage_And_Serious_Injuries
2769,Significant_Damage_And_Fatalities
2772,Significant_Damage_And_Serious_Injuries
2777,Significant_Damage_And_Serious_Injuries
2778,Highly_Fatal_And_Damaging
2779,Highly_Fatal_And_Damaging
2780,Significant_Damage_And_Serious_Injuries
2785,Significant_Damage_And_Fatalities
2793,Significant_Damage_And_Fatalities
2801,Highly_Fatal_And_Damaging
2814,Significant_Damage_And_Fatalities
2821,Highly_Fatal_And_Damaging
2828,Highly_Fatal_And_Damaging
2834,Significant_Damage_And_Serious_Injuries
2844,Significant_Damage_And_Fatalities
2848,Significant_Damage_And_Fatalities
2850,Significant_Damage_And_Fatalities
2852,Significant_Damage_And_Serious_Injuries
2860,Significant_Damage_And_Fatalities
2861,Significant_Damage_And_Fatalities
2864,Highly_Fatal_And_Damaging
2868,Highly_Fatal_And_Damaging
2886,Highly_Fatal_And_Damaging
2887,Significant_Damage_And_Fatalities
2890,Significant_Damage_And_Fatalities
2892,Significant_Damage_And_Fatalities
2907,Significant_Damage_And_Fatalities
2908,Significant_Damage_And_Fatalities
2909,Significant_Damage_And_Fatalities
2914,Significant_Damage_And_Serious_Injuries
2917,Significant_Damage_And_Fatalities
2923,Highly_Fatal_And_Damaging
2924,Highly_Fatal_And_Damaging
2934,Significant_Damage_And_Fatalities
2937,Significant_Damage_And_Fatalities
2945,Significant_Damage_And_Fatalities
2948,Significant_Damage_And_Fatalities
2950,Significant_Damage_And_Serious_Injuries
2953,Significant_Damage_And_Fatalities
2955,Significant_Damage_And_Fatalities
2959,Significant_Damage_And_Fatalities
2971,Significant_Damage_And_Fatalities
2974,Significant_Damage_And_Fatalities
2987,Highly_Fatal_And_Damaging
2994,Highly_Fatal_And_Damaging
2995,Significant_Damage_And_Serious_Injuries
3003,Significant_Damage_And_Fatalities
3013,Highly_Fatal_And_Damaging
3014,Significant_Damage_And_Serious_Injuries
3015,Significant_Damage_And_Fatalities
3028,Highly_Fatal_And_Damaging
3041,Significant_Damage_And_Fatalities
3053,Highly_Fatal_And_Damaging
3057,Significant_Damage_And_Fatalities
3059,Significant_Damage_And_Serious_Injuries
3060,Highly_Fatal_And_Damaging
3069,Highly_Fatal_And_Damaging
3071,Significant_Damage_And_Serious_Injuries
3072,Significant_Damage_And_Serious_Injuries
3082,Significant_Damage_And_Serious_Injuries
3084,Highly_Fatal_And_Damaging
3086,Significant_Damage_And_Fatalities
3098,Significant_Damage_And_Fatalities
3100,Significant_Damage_And_Fatalities
3102,Highly_Fatal_And_Damaging
3110,Significant_Damage_And_Serious_Injuries
3111,Significant_Damage_And_Fatalities
3118,Significant_Damage_And_Serious_Injuries
3119,Significant_Damage_And_Fatalities
3125,Highly_Fatal_And_Damaging
3133,Significant_Damage_And_Fatalities
3136,Significant_Damage_And_Fatalities
3141,Highly_Fatal_And_Damaging
3149,Significant_Damage_And_Serious_Injuries
3150,Significant_Damage_And_Serious_Injuries
3155,Significant_Damage_And_Serious_Injuries
3156,Significant_Damage_And_Serious_Injuries
3160,Significant_Damage_And_Fatalities
3163,Significant_Damage_And_Fatalities
3175,Highly_Fatal_And_Damaging
3180,Highly_Fatal_And_Damaging
3188,Significant_Damage_And_Serious_Injuries
3192,Significant_Damage_And_Fatalities
3193,Significant_Damage_And_Fatalities
3197,Significant_Damage_And_Fatalities
3201,Significant_Damage_And_Serious_Injuries
3204,Significant_Damage_And_Fatalities
3206,Highly_Fatal_And_Damaging
3210,Significant_Damage_And_Serious_Injuries
3212,Highly_Fatal_And_Damaging
3216,Significant_Damage_And_Fatalities
3239,Significant_Damage_And_Serious_Injuries
3240,Significant_Damage_And_Fatalities
3246,Significant_Damage_And_Serious_Injuries
3247,Significant_Damage_And_Serious_Injuries
3252,Significant_Damage_And_Fatalities
3259,Significant_Damage_And_Fatalities
3262,Significant_Damage_And_Fatalities
3264,Highly_Fatal_And_Damaging
3275,Significant_Damage_And_Fatalities
3280,Significant_Damage_And_Serious_Injuries
3282,Significant_Damage_And_Fatalities
3289,Significant_Damage_And_Serious_Injuries
3294,Significant_Damage_And_Fatalities
3297,Significant_Damage_And_Serious_Injuries
3299,Significant_Damage_And_Fatalities
3302,Significant_Damage_And_Fatalities
3308,Highly_Fatal_And_Damaging
3311,Significant_Damage_And_Fatalities
3315,Significant_Damage_And_Serious_Injuries
3317,Significant_Damage_And_Serious_Injuries
3319,Highly_Fatal_And_Damaging
3326,Highly_Fatal_And_Damaging
3330,Highly_Fatal_And_Damaging
3331,Significant_Damage_And_Fatalities
3333,Significant_Damage_And_Fatalities
3337,Significant_Damage_And_Fatalities
3344,Significant_Damage_And_Serious_Injuries
3359,Significant_Damage_And_Fatalities
3369,Highly_Fatal_And_Damaging
3372,Significant_Damage_And_Serious_Injuries
3373,Significant_Damage_And_Fatalities
3374,Significant_Damage_And_Fatalities
3384,Significant_Damage_And_Fatalities
3385,Significant_Damage_And_Fatalities
3395,Significant_Damage_And_Serious_Injuries
3399,Significant_Damage_And_Fatalities
3401,Significant_Damage_And_Serious_Injuries
3406,Significant_Damage_And_Fatalities
3410,Highly_Fatal_And_Damaging
3420,Significant_Damage_And_Serious_Injuries
3422,Significant_Damage_And_Serious_Injuries
3428,Significant_Damage_And_Fatalities
3431,Highly_Fatal_And_Damaging
3434,Significant_Damage_And_Serious_Injuries
3436,Significant_Damage_And_Fatalities
3440,Significant_Damage_And_Serious_Injuries
3443,Highly_Fatal_And_Damaging
3451,Significant_Damage_And_Fatalities
3454,Significant_Damage_And_Serious_Injuries
3455,Significant_Damage_And_Fatalities
3456,Significant_Damage_And_Fatalities
3462,Significant_Damage_And_Fatalities
3463,Significant_Damage_And_Serious_Injuries
3464,Significant_Damage_And_Fatalities
3470,Significant_Damage_And_Fatalities
3477,Significant_Damage_And_Fatalities
3485,Significant_Damage_And_Fatalities
3486,Significant_Damage_And_Fatalities
3489,Significant_Damage_And_Fatalities
3490,Significant_Damage_And_Fatalities
3501,Significant_Damage_And_Fatalities
3503,Significant_Damage_And_Fatalities
3510,Significant_Damage_And_Serious_Injuries
3517,Highly_Fatal_And_Damaging
3518,Significant_Damage_And_Fatalities
3525,Highly_Fatal_And_Damaging
3526,Significant_Damage_And_Serious_Injuries
3530,Significant_Damage_And_Fatalities
3532,Significant_Damage_And_Serious_Injuries
3546,Significant_Damage_And_Serious_Injuries
3548,Significant_Damage_And_Fatalities
3568,Significant_Damage_And_Fatalities
3571,Significant_Damage_And_Fatalities
3573,Highly_Fatal_And_Damaging
3577,Highly_Fatal_And_Damaging
3587,Significant_Damage_And_Serious_Injuries
3596,Significant_Damage_And_Fatalities
3604,Significant_Damage_And_Fatalities
3606,Significant_Damage_And_Serious_Injuries
3613,Significant_Damage_And_Serious_Injuries
3620,Significant_Damage_And_Fatalities
3632,Significant_Damage_And_Serious_Injuries
3638,Significant_Damage_And_Fatalities
3640,Significant_Damage_And_Fatalities
3643,Highly_Fatal_And_Damaging
3644,Significant_Damage_And_Fatalities
3645,Highly_Fatal_And_Damaging
3648,Highly_Fatal_And_Damaging
3657,Significant_Damage_And_Serious_Injuries
3665,Significant_Damage_And_Fatalities
3670,Significant_Damage_And_Serious_Injuries
3674,Significant_Damage_And_Fatalities
3686,Highly_Fatal_And_Damaging
3687,Highly_Fatal_And_Damaging
3692,Significant_Damage_And_Serious_Injuries
3694,Highly_Fatal_And_Damaging
3698,Significant_Damage_And_Serious_Injuries
3701,Highly_Fatal_And_Damaging
3725,Highly_Fatal_And_Damaging
3728,Significant_Damage_And_Fatalities
3729,Significant_Damage_And_Serious_Injuries
3733,Significant_Damage_And_Fatalities
3743,Significant_Damage_And_Fatalities
3746,Highly_Fatal_And_Damaging
3747,Significant_Damage_And_Fatalities
3748,Significant_Damage_And_Fatalities
3749,Significant_Damage_And_Serious_Injuries
3752,Highly_Fatal_And_Damaging
3760,Significant_Damage_And_Fatalities
3761,Highly_Fatal_And_Damaging
3762,Highly_Fatal_And_Damaging
3765,Highly_Fatal_And_Damaging
3767,Significant_Damage_And_Serious_Injuries
3775,Significant_Damage_And_Serious_Injuries
3780,Significant_Damage_And_Fatalities
3790,Significant_Damage_And_Fatalities
3794,Highly_Fatal_And_Damaging
3795,Significant_Damage_And_Fatalities
3806,Significant_Damage_And_Serious_Injuries
3807,Significant_Damage_And_Fatalities
3809,Significant_Damage_And_Fatalities
3810,Significant_Damage_And_Serious_Injuries
3811,Significant_Damage_And_Fatalities
3812,Significant_Damage_And_Fatalities
3818,Significant_Damage_And_Serious_Injuries
3820,Significant_Damage_And_Fatalities
3821,Highly_Fatal_And_Damaging
3827,Significant_Damage_And_Serious_Injuries
3835,Significant_Damage_And_Fatalities
3836,Significant_Damage_And_Fatalities
3839,Significant_Damage_And_Fatalities
3841,Significant_Damage_And_Serious_Injuries
3842,Highly_Fatal_And_Damaging
3845,Highly_Fatal_And_Damaging
3854,Significant_Damage_And_Fatalities
3855,Significant_Damage_And_Fatalities
3856,Highly_Fatal_And_Damaging
3863,Significant_Damage_And_Fatalities
3865,Significant_Damage_And_Fatalities
3878,Highly_Fatal_And_Damaging
3887,Significant_Damage_And_Serious_Injuries
3888,Highly_Fatal_And_Damaging
3889,Highly_Fatal_And_Damaging
3892,Significant_Damage_And_Fatalities
3897,Significant_Damage_And_Fatalities
3911,Significant_Damage_And_Fatalities
3912,Significant_Damage_And_Serious_Injuries
3914,Significant_Damage_And_Serious_Injuries
3928,Significant_Damage_And_Serious_Injuries
3929,Significant_Damage_And_Serious_Injuries
3933,Significant_Damage_And_Serious_Injuries
3941,Significant_Damage_And_Fatalities
3943,Significant_Damage_And_Serious_Injuries
3954,Significant_Damage_And_Serious_Injuries
3960,Significant_Damage_And_Fatalities
3962,Highly_Fatal_And_Damaging
3965,Highly_Fatal_And_Damaging
3967,Significant_Damage_And_Fatalities
3968,Significant_Damage_And_Fatalities
3980,Highly_Fatal_And_Damaging
3987,Highly_Fatal_And_Damaging
3989,Highly_Fatal_And_Damaging
3990,Significant_Damage_And_Serious_Injuries
3997,Significant_Damage_And_Serious_Injuries
4000,Significant_Damage_And_Fatalities
4002,Highly_Fatal_And_Damaging
4006,Significant_Damage_And_Fatalities
4007,Highly_Fatal_And_Damaging
4019,Highly_Fatal_And_Damaging
4024,Significant_Damage_And_Fatalities
4026,Significant_Damage_And_Fatalities
4027,Highly_Fatal_And_Damaging
4032,Highly_Fatal_And_Damaging
4039,Significant_Damage_And_Fatalities
4040,Significant_Damage_And_Fatalities
4047,Highly_Fatal_And_Damaging
4048,Highly_Fatal_And_Damaging
4049,Significant_Damage_And_Serious_Injuries
4050,Significant_Damage_And_Serious_Injuries
4061,Significant_Damage_And_Fatalities
4062,Significant_Damage_And_Serious_Injuries
4063,Significant_Damage_And_Fatalities
4070,Highly_Fatal_And_Damaging
4090,Significant_Damage_And_Fatalities
4094,Significant_Damage_And_Fatalities
4098,Highly_Fatal_And_Damaging
4099,Significant_Damage_And_Serious_Injuries
4100,Significant_Damage_And_Fatalities
4108,Significant_Damage_And_Fatalities
4120,Significant_Damage_And_Fatalities
4129,Highly_Fatal_And_Damaging
4133,Significant_Damage_And_Fatalities
4134,Highly_Fatal_And_Damaging
4136,Significant_Damage_And_Fatalities
4139,Highly_Fatal_And_Damaging
4148,Highly_Fatal_And_Damaging
4152,Significant_Damage_And_Serious_Injuries
4153,Significant_Damage_And_Fatalities
4157,Significant_Damage_And_Fatalities
4162,Highly_Fatal_And_Damaging
4169,Significant_Damage_And_Serious_Injuries
4176,Significant_Damage_And_Fatalities
4181,Significant_Damage_And_Fatalities
4189,Significant_Damage_And_Serious_Injuries
4192,Significant_Damage_And_Serious_Injuries
4198,Highly_Fatal_And_Damaging
4207,Significant_Damage_And_Serious_Injuries
4208,Significant_Damage_And_Fatalities
4211,Highly_Fatal_And_Damaging
4218,Significant_Damage_And_Serious_Injuries
4223,Highly_Fatal_And_Damaging
4232,Significant_Damage_And_Fatalities
4234,Significant_Damage_And_Fatalities
4246,Highly_Fatal_And_Damaging
4253,Significant_Damage_And_Serious_Injuries
4254,Highly_Fatal_And_Damaging
4255,Significant_Damage_And_Fatalities
4260,Significant_Damage_And_Serious_Injuries
4267,Significant_Damage_And_Fatalities
4274,Highly_Fatal_And_Damaging
4275,Highly_Fatal_And_Damaging
4278,Highly_Fatal_And_Damaging
4281,Highly_Fatal_And_Damaging
4293,Significant_Damage_And_Serious_Injuries
4294,Significant_Damage_And_Serious_Injuries
4300,Significant_Damage_And_Fatalities
4307,Significant_Damage_And_Fatalities
4310,Significant_Damage_And_Fatalities
4311,Significant_Damage_And_Fatalities
4315,Significant_Damage_And_Fatalities
4330,Significant_Damage_And_Serious_Injuries
4333,Highly_Fatal_And_Damaging
4340,Significant_Damage_And_Serious_Injuries
4352,Significant_Damage_And_Serious_Injuries
4360,Significant_Damage_And_Fatalities
4365,Significant_Damage_And_Fatalities
4367,Significant_Damage_And_Fatalities
4376,Highly_Fatal_And_Damaging
4378,Significant_Damage_And_Serious_Injuries
4385,Significant_Damage_And_Fatalities
4405,Highly_Fatal_And_Damaging
4413,Highly_Fatal_And_Damaging
4414,Significant_Damage_And_Serious_Injuries
4426,Significant_Damage_And_Fatalities
4430,Highly_Fatal_And_Damaging
4431,Significant_Damage_And_Fatalities
4438,Significant_Damage_And_Serious_Injuries
4439,Significant_Damage_And_Fatalities
4441,Significant_Damage_And_Fatalities
4443,Significant_Damage_And_Fatalities
4449,Significant_Damage_And_Fatalities
4453,Significant_Damage_And_Serious_Injuries
4456,Significant_Damage_And_Fatalities
4457,Significant_Damage_And_Serious_Injuries
4459,Significant_Damage_And_Fatalities
4461,Significant_Damage_And_Fatalities
4464,Highly_Fatal_And_Damaging
4468,Significant_Damage_And_Fatalities
4476,Significant_Damage_And_Fatalities
4480,Significant_Damage_And_Fatalities
4482,Significant_Damage_And_Fatalities
4491,Significant_Damage_And_Serious_Injuries
4493,Significant_Damage_And_Fatalities
4494,Significant_Damage_And_Fatalities
4495,Significant_Damage_And_Serious_Injuries
4496,Significant_Damage_And_Fatalities
4503,Significant_Damage_And_Fatalities
4505,Highly_Fatal_And_Damaging
4506,Highly_Fatal_And_Damaging
4512,Significant_Damage_And_Serious_Injuries
4516,Significant_Damage_And_Serious_Injuries
4518,Highly_Fatal_And_Damaging
4521,Significant_Damage_And_Fatalities
4522,Highly_Fatal_And_Damaging
4529,Significant_Damage_And_Fatalities
4530,Significant_Damage_And_Serious_Injuries
4536,Significant_Damage_And_Serious_Injuries
4539,Significant_Damage_And_Fatalities
4543,Significant_Damage_And_Fatalities
4546,Significant_Damage_And_Fatalities
4547,Significant_Damage_And_Serious_Injuries
4550,Significant_Damage_And_Fatalities
4564,Highly_Fatal_And_Damaging
4571,Significant_Damage_And_Fatalities
4583,Significant_Damage_And_Fatalities
4592,Significant_Damage_And_Fatalities
4594,Significant_Damage_And_Serious_Injuries
4597,Significant_Damage_And_Fatalities
4598,Significant_Damage_And_Serious_Injuries
4614,Significant_Damage_And_Fatalities
4617,Significant_Damage_And_Fatalities
4621,Significant_Damage_And_Serious_Injuries
4630,Significant_Damage_And_Fatalities
4634,Significant_Damage_And_Serious_Injuries
4638,Significant_Damage_And_Fatalities
4639,Highly_Fatal_And_Damaging
4645,Highly_Fatal_And_Damaging
4650,Significant_Damage_And_Serious_Injuries
4651,Highly_Fatal_And_Damaging
4654,Highly_Fatal_And_Damaging
4656,Significant_Damage_And_Serious_Injuries
4660,Significant_Damage_And_Fatalities
4665,Highly_Fatal_And_Damaging
4670,Significant_Damage_And_Fatalities
4671,Highly_Fatal_And_Damaging
4679,Highly_Fatal_And_Damaging
4682,Significant_Damage_And_Fatalities
4684,Significant_Damage_And_Serious_Injuries
4688,Significant_Damage_And_Fatalities
4693,Significant_Damage_And_Fatalities
4712,Significant_Damage_And_Fatalities
4714,Significant_Damage_And_Fatalities
4721,Highly_Fatal_And_Damaging
4722,Significant_Damage_And_Serious_Injuries
4724,Significant_Damage_And_Fatalities
4726,Significant_Damage_And_Fatalities
4728,Highly_Fatal_And_Damaging
4730,Significant_Damage_And_Fatalities
4735,Highly_Fatal_And_Damaging
4741,Significant_Damage_And_Fatalities
4742,Significant_Damage_And_Serious_Injuries
4744,Significant_Damage_And_Serious_Injuries
4746,Highly_Fatal_And_Damaging
4757,Significant_Damage_And_Serious_Injuries
4761,Highly_Fatal_And_Damaging
4770,Significant_Damage_And_Serious_Injuries
4772,Significant_Damage_And_Serious_Injuries
4773,Significant_Damage_And_Fatalities
4780,Highly_Fatal_And_Damaging
4783,Highly_Fatal_And_Damaging
4785,Highly_Fatal_And_Damaging
4786,Highly_Fatal_And_Damaging
4787,Significant_Damage_And_Fatalities
4793,Highly_Fatal_And_Damaging
4794,Highly_Fatal_And_Damaging
4808,Significant_Damage_And_Fatalities
4811,Highly_Fatal_And_Damaging
4831,Highly_Fatal_And_Damaging
4832,Significant_Damage_And_Fatalities
4836,Highly_Fatal_And_Damaging
4839,Significant_Damage_And_Fatalities
4842,Significant_Damage_And_Fatalities
4846,Significant_Damage_And_Fatalities
4855,Highly_Fatal_And_Damaging
4856,Significant_Damage_And_Fatalities
4859,Significant_Damage_And_Serious_Injuries
4862,Significant_Damage_And_Fatalities
4869,Highly_Fatal_And_Damaging
4877,Highly_Fatal_And_Damaging
4878,Significant_Damage_And_Fatalities
4887,Significant_Damage_And_Fatalities
4892,Significant_Damage_And_Fatalities
4913,Highly_Fatal_And_Damaging
4914,Highly_Fatal_And_Damaging
4926,Highly_Fatal_And_Damaging
4940,Highly_Fatal_And_Damaging
4944,Significant_Damage_And_Serious_Injuries
4959,Significant_Damage_And_Fatalities
4966,Significant_Damage_And_Fatalities
4972,Significant_Damage_And_Fatalities
4978,Highly_Fatal_And_Damaging
4981,Significant_Damage_And_Fatalities
4985,Highly_Fatal_And_Damaging
4992,Highly_Fatal_And_Damaging
4998,Significant_Damage_And_Serious_Injuries
5000,Highly_Fatal_And_Damaging
5001,Highly_Fatal_And_Damaging
5004,Significant_Damage_And_Fatalities
5005,Highly_Fatal_And_Damaging
5016,Significant_Damage_And_Fatalities
5020,Significant_Damage_And_Fatalities
5021,Significant_Damage_And_Fatalities
5041,Significant_Damage_And_Fatalities
5045,Highly_Fatal_And_Damaging
5052,Significant_Damage_And_Fatalities
5063,Significant_Damage_And_Serious_Injuries
5072,Significant_Damage_And_Serious_Injuries
5074,Highly_Fatal_And_Damaging
5080,Significant_Damage_And_Fatalities
5087,Highly_Fatal_And_Damaging
5094,Significant_Damage_And_Fatalities
5099,Significant_Damage_And_Fatalities
5100,Highly_Fatal_And_Damaging
5109,Highly_Fatal_And_Damaging
5111,Significant_Damage_And_Serious_Injuries
5115,Highly_Fatal_And_Damaging
5117,Significant_Damage_And_Fatalities
5119,Significant_Damage_And_Serious_Injuries
5125,Highly_Fatal_And_Damaging
5126,Significant_Damage_And_Fatalities
5127,Significant_Damage_And_Serious_Injuries
5142,Significant_Damage_And_Fatalities
5149,Highly_Fatal_And_Damaging
5160,Significant_Damage_And_Fatalities
5163,Highly_Fatal_And_Damaging
5170,Significant_Damage_And_Fatalities
5175,Significant_Damage_And_Fatalities
5184,Significant_Damage_And_Fatalities
5187,Significant_Damage_And_Fatalities
5189,Significant_Damage_And_Fatalities
5200,Significant_Damage_And_Serious_Injuries
5202,Significant_Damage_And_Fatalities
5203,Significant_Damage_And_Serious_Injuries
5206,Significant_Damage_And_Fatalities
5218,Significant_Damage_And_Fatalities
5224,Significant_Damage_And_Serious_Injuries
5226,Significant_Damage_And_Serious_Injuries
5230,Highly_Fatal_And_Damaging
5231,Significant_Damage_And_Serious_Injuries
5232,Significant_Damage_And_Serious_Injuries
5234,Significant_Damage_And_Fatalities
5239,Significant_Damage_And_Serious_Injuries
5244,Significant_Damage_And_Fatalities
5245,Significant_Damage_And_Serious_Injuries
5246,Highly_Fatal_And_Damaging
5253,Highly_Fatal_And_Damaging
5262,Significant_Damage_And_Fatalities
5268,Highly_Fatal_And_Damaging
5271,Significant_Damage_And_Fatalities
5275,Significant_Damage_And_Fatalities
5277,Significant_Damage_And_Fatalities
5278,Highly_Fatal_And_Damaging
5283,Significant_Damage_And_Serious_Injuries
5284,Significant_Damage_And_Serious_Injuries
5285,Significant_Damage_And_Fatalities
5288,Significant_Damage_And_Fatalities
5329,Significant_Damage_And_Serious_Injuries
5336,Highly_Fatal_And_Damaging
5339,Significant_Damage_And_Serious_Injuries
5340,Significant_Damage_And_Fatalities
5342,Significant_Damage_And_Fatalities
5350,Highly_Fatal_And_Damaging
5359,Highly_Fatal_And_Damaging
5376,Significant_Damage_And_Fatalities
5387,Significant_Damage_And_Serious_Injuries
5399,Significant_Damage_And_Serious_Injuries
5401,Significant_Damage_And_Fatalities
5423,Significant_Damage_And_Fatalities
5425,Significant_Damage_And_Fatalities
5433,Significant_Damage_And_Serious_Injuries
5445,Significant_Damage_And_Serious_Injuries
5451,Highly_Fatal_And_Damaging
5452,Significant_Damage_And_Fatalities
5461,Significant_Damage_And_Fatalities
5464,Significant_Damage_And_Serious_Injuries
5465,Significant_Damage_And_Serious_Injuries
5466,Significant_Damage_And_Fatalities
5471,Significant_Damage_And_Fatalities
5481,Highly_Fatal_And_Damaging
5482,Significant_Damage_And_Serious_Injuries
5485,Highly_Fatal_And_Damaging
5489,Highly_Fatal_And_Damaging
5497,Significant_Damage_And_Fatalities
5505,Significant_Damage_And_Serious_Injuries
5508,Significant_Damage_And_Fatalities
5510,Significant_Damage_And_Serious_Injuries
5519,Highly_Fatal_And_Damaging
5531,Highly_Fatal_And_Damaging
5536,Significant_Damage_And_Fatalities
5537,Significant_Damage_And_Fatalities
5538,Significant_Damage_And_Fatalities
5547,Highly_Fatal_And_Damaging
5554,Significant_Damage_And_Fatalities
5561,Significant_Damage_And_Serious_Injuries
5563,Significant_Damage_And_Fatalities
5568,Significant_Damage_And_Fatalities
5573,Significant_Damage_And_Fatalities
5579,Significant_Damage_And_Fatalities
5583,Significant_Damage_And_Serious_Injuries
5584,Significant_Damage_And_Fatalities
5586,Highly_Fatal_And_Damaging
5589,Significant_Damage_And_Serious_Injuries
5595,Significant_Damage_And_Fatalities
5601,Significant_Damage_And_Fatalities
5603,Significant_Damage_And_Fatalities
5610,Significant_Damage_And_Serious_Injuries
5618,Significant_Damage_And_Serious_Injuries
5622,Significant_Damage_And_Serious_Injuries
5623,Highly_Fatal_And_Damaging
5625,Significant_Damage_And_Fatalities
5630,Significant_Damage_And_Fatalities
5637,Highly_Fatal_And_Damaging
5640,Significant_Damage_And_Serious_Injuries
5642,Highly_Fatal_And_Damaging
5643,Significant_Damage_And_Fatalities
5648,Significant_Damage_And_Fatalities
5653,Significant_Damage_And_Fatalities
5656,Highly_Fatal_And_Damaging
5666,Significant_Damage_And_Fatalities
5676,Significant_Damage_And_Serious_Injuries
5680,Significant_Damage_And_Fatalities
5690,Significant_Damage_And_Fatalities
5700,Highly_Fatal_And_Damaging
5702,Significant_Damage_And_Fatalities
5708,Significant_Damage_And_Fatalities
5709,Significant_Damage_And_Serious_Injuries
5714,Significant_Damage_And_Fatalities
5723,Significant_Damage_And_Serious_Injuries
5729,Highly_Fatal_And_Damaging
5736,Significant_Damage_And_Fatalities
5744,Significant_Damage_And_Serious_Injuries
5750,Significant_Damage_And_Fatalities
5751,Significant_Damage_And_Fatalities
5752,Significant_Damage_And_Serious_Injuries
5753,Significant_Damage_And_Serious_Injuries
5757,Significant_Damage_And_Fatalities
5760,Significant_Damage_And_Fatalities
5768,Significant_Damage_And_Fatalities
5772,Highly_Fatal_And_Damaging
5788,Significant_Damage_And_Fatalities
5795,Highly_Fatal_And_Damaging
5800,Highly_Fatal_And_Damaging
5806,Significant_Damage_And_Fatalities
5809,Significant_Damage_And_Serious_Injuries
5810,Highly_Fatal_And_Damaging
5819,Significant_Damage_And_Serious_Injuries
5822,Significant_Damage_And_Fatalities
5826,Significant_Damage_And_Fatalities
5829,Significant_Damage_And_Serious_Injuries
5831,Significant_Damage_And_Fatalities
5833,Highly_Fatal_And_Damaging
5837,Highly_Fatal_And_Damaging
5840,Significant_Damage_And_Serious_Injuries
5848,Significant_Damage_And_Serious_Injuries
5852,Significant_Damage_And_Serious_Injuries
5868,Highly_Fatal_And_Damaging
5874,Highly_Fatal_And_Damaging
5876,Highly_Fatal_And_Damaging
5883,Significant_Damage_And_Fatalities
5888,Highly_Fatal_And_Damaging
5889,Highly_Fatal_And_Damaging
5898,Highly_Fatal_And_Damaging
5899,Significant_Damage_And_Fatalities
5903,Highly_Fatal_And_Damaging
5906,Significant_Damage_And_Serious_Injuries
5907,Significant_Damage_And_Serious_Injuries
5914,Highly_Fatal_And_Damaging
5919,Highly_Fatal_And_Damaging
5928,Significant_Damage_And_Serious_Injuries
5930,Significant_Damage_And_Fatalities
5936,Significant_Damage_And_Fatalities
5948,Highly_Fatal_And_Damaging
5950,Highly_Fatal_And_Damaging
5951,Highly_Fatal_And_Damaging
5954,Highly_Fatal_And_Damaging
5958,Highly_Fatal_And_Damaging
5964,Highly_Fatal_And_Damaging
5972,Highly_Fatal_And_Damaging
5979,Highly_Fatal_And_Damaging
5983,Significant_Damage_And_Serious_Injuries
5984,Significant_Damage_And_Fatalities
5993,Significant_Damage_And_Fatalities
5997,Highly_Fatal_And_Damaging
6006,Significant_Damage_And_Fatalities
6014,Highly_Fatal_And_Damaging
6018,Significant_Damage_And_Fatalities
6019,Significant_Damage_And_Fatalities
6020,Significant_Damage_And_Fatalities
6023,Significant_Damage_And_Fatalities
6026,Minor_Damage_And_Injuries
6030,Significant_Damage_And_Fatalities
6036,Highly_Fatal_And_Damaging
6041,Significant_Damage_And_Fatalities
6042,Highly_Fatal_And_Damaging
6044,Significant_Damage_And_Serious_Injuries
6053,Significant_Damage_And_Serious_Injuries
6055,Highly_Fatal_And_Damaging
6056,Significant_Damage_And_Fatalities
6063,Significant_Damage_And_Fatalities
6064,Significant_Damage_And_Serious_Injuries
6072,Significant_Damage_And_Fatalities
6074,Significant_Damage_And_Fatalities
6075,Significant_Damage_And_Fatalities
6078,Highly_Fatal_And_Damaging
6080,Highly_Fatal_And_Damaging
6081,Significant_Damage_And_Fatalities
6082,Significant_Damage_And_Fatalities
6085,Significant_Damage_And_Fatalities
6095,Significant_Damage_And_Fatalities
6098,Significant_Damage_And_Fatalities
6104,Significant_Damage_And_Serious_Injuries
6113,Significant_Damage_And_Serious_Injuries
6114,Significant_Damage_And_Fatalities
6120,Highly_Fatal_And_Damaging
6121,Significant_Damage_And_Fatalities
6122,Highly_Fatal_And_Damaging
6125,Highly_Fatal_And_Damaging
6137,Highly_Fatal_And_Damaging
6139,Highly_Fatal_And_Damaging
6147,Significant_Damage_And_Serious_Injuries
6150,Significant_Damage_And_Fatalities
6157,Significant_Damage_And_Fatalities
6162,Significant_Damage_And_Fatalities
6167,Significant_Damage_And_Fatalities
6170,Significant_Damage_And_Serious_Injuries
6178,Significant_Damage_And_Serious_Injuries
6185,Significant_Damage_And_Fatalities
6187,Significant_Damage_And_Serious_Injuries
6188,Significant_Damage_And_Fatalities
6189,Significant_Damage_And_Fatalities
6190,Highly_Fatal_And_Damaging
6204,Significant_Damage_And_Fatalities
6206,Significant_Damage_And_Fatalities
6208,Significant_Damage_And_Fatalities
6212,Highly_Fatal_And_Damaging
6215,Significant_Damage_And_Fatalities
6221,Significant_Damage_And_Fatalities
6234,Significant_Damage_And_Fatalities
6240,Significant_Damage_And_Fatalities
6241,Significant_Damage_And_Fatalities
6242,Significant_Damage_And_Fatalities
6247,Significant_Damage_And_Fatalities
6250,Significant_Damage_And_Fatalities
6255,Highly_Fatal_And_Damaging
6257,Highly_Fatal_And_Damaging
6259,Significant_Damage_And_Fatalities
6260,Significant_Damage_And_Serious_Injuries
6261,Significant_Damage_And_Fatalities
6264,Significant_Damage_And_Serious_Injuries
6266,Highly_Fatal_And_Damaging
6274,Significant_Damage_And_Fatalities
6277,Significant_Damage_And_Serious_Injuries
6287,Significant_Damage_And_Serious_Injuries
6290,Significant_Damage_And_Fatalities
6296,Highly_Fatal_And_Damaging
6301,Significant_Damage_And_Fatalities
6302,Significant_Damage_And_Serious_Injuries
6312,Significant_Damage_And_Fatalities
6318,Significant_Damage_And_Fatalities
6327,Significant_Damage_And_Fatalities
6328,Significant_Damage_And_Fatalities
6333,Significant_Damage_And_Fatalities
6336,Significant_Damage_And_Fatalities
6338,Significant_Damage_And_Fatalities
6342,Significant_Damage_And_Fatalities
6349,Highly_Fatal_And_Damaging
6358,Highly_Fatal_And_Damaging
6359,Highly_Fatal_And_Damaging
6360,Significant_Damage_And_Serious_Injuries
6367,Highly_Fatal_And_Damaging
6377,Highly_Fatal_And_Damaging
6379,Significant_Damage_And_Serious_Injuries
6381,Significant_Damage_And_Fatalities
6391,Highly_Fatal_And_Damaging
6400,Significant_Damage_And_Serious_Injuries
6402,Significant_Damage_And_Fatalities
6405,Significant_Damage_And_Fatalities
6415,Highly_Fatal_And_Damaging
6416,Highly_Fatal_And_Damaging
6420,Significant_Damage_And_Serious_Injuries
6434,Significant_Damage_And_Serious_Injuries
6448,Significant_Damage_And_Fatalities
6451,Highly_Fatal_And_Damaging
6453,Significant_Damage_And_Fatalities
6459,Significant_Damage_And_Fatalities
6461,Highly_Fatal_And_Damaging
6467,Highly_Fatal_And_Damaging
6468,Highly_Fatal_And_Damaging
6473,Highly_Fatal_And_Damaging
6484,Significant_Damage_And_Serious_Injuries
6486,Highly_Fatal_And_Damaging
6490,Highly_Fatal_And_Damaging
6502,Significant_Damage_And_Fatalities
6503,Significant_Damage_And_Fatalities
6507,Significant_Damage_And_Serious_Injuries
6512,Significant_Damage_And_Serious_Injuries
6523,Significant_Damage_And_Fatalities
6528,Significant_Damage_And_Serious_Injuries
6530,Significant_Damage_And_Serious_Injuries
6543,Significant_Damage_And_Fatalities
6546,Significant_Damage_And_Fatalities
6548,Highly_Fatal_And_Damaging
6551,Highly_Fatal_And_Damaging
6553,Significant_Damage_And_Fatalities
6562,Significant_Damage_And_Fatalities
6571,Highly_Fatal_And_Damaging
6572,Significant_Damage_And_Fatalities
6579,Highly_Fatal_And_Damaging
6584,Significant_Damage_And_Fatalities
6588,Highly_Fatal_And_Damaging
6596,Significant_Damage_And_Fatalities
6599,Highly_Fatal_And_Damaging
6625,Significant_Damage_And_Serious_Injuries
6632,Significant_Damage_And_Serious_Injuries
6641,Significant_Damage_And_Fatalities
6651,Significant_Damage_And_Serious_Injuries
6654,Significant_Damage_And_Fatalities
6657,Highly_Fatal_And_Damaging
6665,Significant_Damage_And_Fatalities
6671,Significant_Damage_And_Fatalities
6672,Highly_Fatal_And_Damaging
6675,Highly_Fatal_And_Damaging
6676,Significant_Damage_And_Fatalities
6682,Highly_Fatal_And_Damaging
6684,Significant_Damage_And_Fatalities
6692,Significant_Damage_And_Fatalities
6694,Highly_Fatal_And_Damaging
6700,Significant_Damage_And_Fatalities
6723,Significant_Damage_And_Serious_Injuries
6726,Significant_Damage_And_Fatalities
6729,Significant_Damage_And_Fatalities
6734,Significant_Damage_And_Serious_Injuries
6737,Significant_Damage_And_Fatalities
6738,Significant_Damage_And_Fatalities
6745,Significant_Damage_And_Fatalities
6747,Significant_Damage_And_Serious_Injuries
6750,Significant_Damage_And_Fatalities
6754,Significant_Damage_And_Serious_Injuries
6755,Significant_Damage_And_Fatalities
6761,Significant_Damage_And_Fatalities
6762,Significant_Damage_And_Serious_Injuries
6765,Highly_Fatal_And_Damaging
6769,Significant_Damage_And_Serious_Injuries
6785,Significant_Damage_And_Fatalities
6788,Significant_Damage_And_Fatalities
6793,Significant_Damage_And_Serious_Injuries
6796,Significant_Damage_And_Fatalities
6799,Significant_Damage_And_Fatalities
6801,Highly_Fatal_And_Damaging
6807,Highly_Fatal_And_Damaging
6811,Significant_Damage_And_Serious_Injuries
6812,Highly_Fatal_And_Damaging
6815,Highly_Fatal_And_Damaging
6818,Significant_Damage_And_Fatalities
6828,Significant_Damage_And_Fatalities
6832,Highly_Fatal_And_Damaging
6833,Highly_Fatal_And_Damaging
6836,Highly_Fatal_And_Damaging
6839,Significant_Damage_And_Fatalities
6842,Highly_Fatal_And_Damaging
6845,Significant_Damage_And_Fatalities
6848,Significant_Damage_And_Serious_Injuries
6849,Significant_Damage_And_Fatalities
6850,Significant_Damage_And_Fatalities
6853,Significant_Damage_And_Serious_Injuries
6862,Highly_Fatal_And_Damaging
6864,Highly_Fatal_And_Damaging
6868,Significant_Damage_And_Serious_Injuries
6872,Highly_Fatal_And_Damaging
6892,Significant_Damage_And_Serious_Injuries
6895,Significant_Damage_And_Fatalities
6897,Significant_Damage_And_Serious_Injuries
6900,Significant_Damage_And_Fatalities
6904,Significant_Damage_And_Fatalities
6907,Significant_Damage_And_Fatalities
6912,Highly_Fatal_And_Damaging
6913,Highly_Fatal_And_Damaging
6920,Significant_Damage_And_Fatalities
6922,Highly_Fatal_And_Damaging
6924,Significant_Damage_And_Fatalities
6925,Significant_Damage_And_Fatalities
6929,Significant_Damage_And_Fatalities
6933,Significant_Damage_And_Fatalities
6938,Highly_Fatal_And_Damaging
6939,Significant_Damage_And_Serious_Injuries
6945,Significant_Damage_And_Serious_Injuries
6950,Significant_Damage_And_Fatalities
6953,Significant_Damage_And_Fatalities
6957,Significant_Damage_And_Fatalities
6961,Significant_Damage_And_Serious_Injuries
6970,Significant_Damage_And_Fatalities
6975,Significant_Damage_And_Serious_Injuries
6978,Highly_Fatal_And_Damaging
6979,Significant_Damage_And_Fatalities
6981,Significant_Damage_And_Fatalities
6985,Significant_Damage_And_Serious_Injuries
6988,Significant_Damage_And_Serious_Injuries
6989,Highly_Fatal_And_Damaging
6996,Significant_Damage_And_Serious_Injuries
7007,Significant_Damage_And_Fatalities
7008,Significant_Damage_And_Serious_Injuries
7016,Highly_Fatal_And_Damaging
7021,Highly_Fatal_And_Damaging
7022,Highly_Fatal_And_Damaging
7029,Significant_Damage_And_Fatalities
7035,Highly_Fatal_And_Damaging
7066,Significant_Damage_And_Fatalities
7067,Highly_Fatal_And_Damaging
7068,Highly_Fatal_And_Damaging
7069,Highly_Fatal_And_Damaging
7072,Significant_Damage_And_Fatalities
7077,Significant_Damage_And_Serious_Injuries
7079,Significant_Damage_And_Fatalities
7080,Highly_Fatal_And_Damaging
7090,Significant_Damage_And_Fatalities
7091,Significant_Damage_And_Fatalities
7092,Highly_Fatal_And_Damaging
7093,Significant_Damage_And_Fatalities
7109,Highly_Fatal_And_Damaging
7114,Highly_Fatal_And_Damaging
7118,Significant_Damage_And_Fatalities
7122,Significant_Damage_And_Serious_Injuries
7124,Significant_Damage_And_Fatalities
7126,Significant_Damage_And_Serious_Injuries
7132,Highly_Fatal_And_Damaging
7140,Highly_Fatal_And_Damaging
7154,Significant_Damage_And_Serious_Injuries
7156,Significant_Damage_And_Fatalities
7158,Significant_Damage_And_Fatalities
7172,Significant_Damage_And_Serious_Injuries
7173,Significant_Damage_And_Fatalities
7174,Highly_Fatal_And_Damaging
7176,Highly_Fatal_And_Damaging
7177,Significant_Damage_And_Serious_Injuries
7179,Highly_Fatal_And_Damaging
7181,Significant_Damage_And_Fatalities
7182,Significant_Damage_And_Serious_Injuries
7191,Highly_Fatal_And_Damaging
7194,Significant_Damage_And_Serious_Injuries
7195,Significant_Damage_And_Fatalities
7200,Significant_Damage_And_Fatalities
7201,Significant_Damage_And_Fatalities
7205,Highly_Fatal_And_Damaging
7208,Highly_Fatal_And_Damaging
7209,Significant_Damage_And_Fatalities
7210,Significant_Damage_And_Fatalities
7212,Highly_Fatal_And_Damaging
7213,Significant_Damage_And_Fatalities
7216,Significant_Damage_And_Serious_Injuries
7218,Significant_Damage_And_Fatalities
7221,Significant_Damage_And_Fatalities
7222,Significant_Damage_And_Serious_Injuries
7223,Significant_Damage_And_Fatalities
7232,Significant_Damage_And_Fatalities
7244,Significant_Damage_And_Serious_Injuries
7253,Highly_Fatal_And_Damaging
7255,Highly_Fatal_And_Damaging
7267,Highly_Fatal_And_Damaging
7269,Significant_Damage_And_Serious_Injuries
7279,Highly_Fatal_And_Damaging
7284,Significant_Damage_And_Serious_Injuries
7294,Highly_Fatal_And_Damaging
7296,Significant_Damage_And_Fatalities
7298,Significant_Damage_And_Fatalities
7307,Highly_Fatal_And_Damaging
7323,Significant_Damage_And_Fatalities
7333,Highly_Fatal_And_Damaging
7335,Significant_Damage_And_Serious_Injuries
7336,Highly_Fatal_And_Damaging
7338,Significant_Damage_And_Serious_Injuries
7345,Significant_Damage_And_Serious_Injuries
7346,Significant_Damage_And_Fatalities
7348,Significant_Damage_And_Fatalities
7349,Significant_Damage_And_Fatalities
7353,Highly_Fatal_And_Damaging
7354,Significant_Damage_And_Fatalities
7355,Significant_Damage_And_Serious_Injuries
7356,Significant_Damage_And_Fatalities
7367,Significant_Damage_And_Fatalities
7370,Significant_Damage_And_Fatalities
7375,Highly_Fatal_And_Damaging
7384,Significant_Damage_And_Fatalities
7392,Highly_Fatal_And_Damaging
7394,Significant_Damage_And_Fatalities
7395,Highly_Fatal_And_Damaging
7401,Significant_Damage_And_Fatalities
7402,Significant_Damage_And_Serious_Injuries
7407,Highly_Fatal_And_Damaging
7420,Significant_Damage_And_Serious_Injuries
7437,Significant_Damage_And_Serious_Injuries
7455,Highly_Fatal_And_Damaging
7460,Significant_Damage_And_Serious_Injuries
7476,Highly_Fatal_And_Damaging
7478,Highly_Fatal_And_Damaging
7484,Highly_Fatal_And_Damaging
7491,Significant_Damage_And_Serious_Injuries
7492,Significant_Damage_And_Serious_Injuries
7495,Significant_Damage_And_Serious_Injuries
7503,Significant_Damage_And_Fatalities
7505,Significant_Damage_And_Fatalities
7506,Highly_Fatal_And_Damaging
7508,Highly_Fatal_And_Damaging
7513,Significant_Damage_And_Fatalities
7526,Significant_Damage_And_Fatalities
7530,Significant_Damage_And_Fatalities
7534,Significant_Damage_And_Serious_Injuries
7537,Significant_Damage_And_Fatalities
7541,Significant_Damage_And_Fatalities
7542,Significant_Damage_And_Fatalities
7548,Significant_Damage_And_Fatalities
7551,Highly_Fatal_And_Damaging
7553,Significant_Damage_And_Fatalities
7554,Significant_Damage_And_Fatalities
7557,Significant_Damage_And_Fatalities
7563,Highly_Fatal_And_Damaging
7568,Significant_Damage_And_Fatalities
7581,Highly_Fatal_And_Damaging
7582,Significant_Damage_And_Fatalities
7587,Highly_Fatal_And_Damaging
7617,Highly_Fatal_And_Damaging
7621,Significant_Damage_And_Serious_Injuries
7623,Significant_Damage_And_Fatalities
7633,Significant_Damage_And_Fatalities
7639,Significant_Damage_And_Serious_Injuries
7654,Highly_Fatal_And_Damaging
7660,Highly_Fatal_And_Damaging
7661,Highly_Fatal_And_Damaging
7662,Significant_Damage_And_Serious_Injuries
7663,Significant_Damage_And_Fatalities
7664,Significant_Damage_And_Serious_Injuries
7665,Significant_Damage_And_Fatalities
7668,Significant_Damage_And_Fatalities
7682,Significant_Damage_And_Fatalities
7683,Highly_Fatal_And_Damaging
7684,Significant_Damage_And_Fatalities
7687,Significant_Damage_And_Fatalities
7691,Significant_Damage_And_Fatalities
7701,Significant_Damage_And_Serious_Injuries
7702,Significant_Damage_And_Serious_Injuries
7705,Significant_Damage_And_Serious_Injuries
7711,Significant_Damage_And_Fatalities
7714,Significant_Damage_And_Serious_Injuries
7716,Significant_Damage_And_Serious_Injuries
7725,Significant_Damage_And_Fatalities
7726,Highly_Fatal_And_Damaging
7732,Highly_Fatal_And_Damaging
7748,Significant_Damage_And_Fatalities
7755,Highly_Fatal_And_Damaging
7759,Significant_Damage_And_Fatalities
7763,Significant_Damage_And_Fatalities
7767,Highly_Fatal_And_Damaging
7769,Significant_Damage_And_Serious_Injuries
7781,Highly_Fatal_And_Damaging
7783,Significant_Damage_And_Fatalities
7790,Significant_Damage_And_Serious_Injuries
7798,Significant_Damage_And_Serious_Injuries
7810,Significant_Damage_And_Fatalities
7821,Significant_Damage_And_Serious_Injuries
7824,Significant_Damage_And_Serious_Injuries
7828,Significant_Damage_And_Fatalities
7838,Significant_Damage_And_Fatalities
7841,Significant_Damage_And_Fatalities
7847,Significant_Damage_And_Serious_Injuries
7852,Significant_Damage_And_Fatalities
7854,Highly_Fatal_And_Damaging
7857,Significant_Damage_And_Serious_Injuries
7867,Significant_Damage_And_Fatalities
7868,Highly_Fatal_And_Damaging
7869,Significant_Damage_And_Fatalities
7871,Significant_Damage_And_Fatalities
7872,Significant_Damage_And_Fatalities
7885,Highly_Fatal_And_Damaging
7889,Significant_Damage_And_Fatalities
7902,Significant_Damage_And_Fatalities
7917,Significant_Damage_And_Serious_Injuries
7918,Significant_Damage_And_Fatalities
7919,Highly_Fatal_And_Damaging
7926,Highly_Fatal_And_Damaging
7927,Significant_Damage_And_Fatalities
7928,Significant_Damage_And_Fatalities
7947,Significant_Damage_And_Serious_Injuries
7950,Significant_Damage_And_Fatalities
7952,Highly_Fatal_And_Damaging
7955,Significant_Damage_And_Serious_Injuries
7966,Significant_Damage_And_Fatalities
7981,Highly_Fatal_And_Damaging
7987,Highly_Fatal_And_Damaging
7996,Highly_Fatal_And_Damaging
7997,Highly_Fatal_And_Damaging
8012,Significant_Damage_And_Serious_Injuries
8018,Significant_Damage_And_Fatalities
8020,Significant_Damage_And_Serious_Injuries
8021,Significant_Damage_And_Fatalities
8028,Significant_Damage_And_Fatalities
8031,Significant_Damage_And_Fatalities
8034,Significant_Damage_And_Fatalities
8039,Significant_Damage_And_Fatalities
8044,Significant_Damage_And_Fatalities
8046,Highly_Fatal_And_Damaging
8049,Significant_Damage_And_Serious_Injuries
8052,Significant_Damage_And_Serious_Injuries
8054,Significant_Damage_And_Fatalities
8057,Significant_Damage_And_Fatalities
8058,Significant_Damage_And_Serious_Injuries
8061,Highly_Fatal_And_Damaging
8074,Significant_Damage_And_Serious_Injuries
8075,Significant_Damage_And_Fatalities
8078,Significant_Damage_And_Fatalities
8081,Significant_Damage_And_Fatalities
8084,Significant_Damage_And_Fatalities
8088,Significant_Damage_And_Serious_Injuries
8089,Significant_Damage_And_Fatalities
8090,Significant_Damage_And_Fatalities
8097,Highly_Fatal_And_Damaging
8101,Highly_Fatal_And_Damaging
8105,Significant_Damage_And_Fatalities
8115,Highly_Fatal_And_Damaging
8122,Significant_Damage_And_Fatalities
8125,Significant_Damage_And_Serious_Injuries
8132,Significant_Damage_And_Serious_Injuries
8133,Highly_Fatal_And_Damaging
8136,Highly_Fatal_And_Damaging
8138,Significant_Damage_And_Serious_Injuries
8144,Significant_Damage_And_Fatalities
8146,Highly_Fatal_And_Damaging
8150,Significant_Damage_And_Fatalities
8152,Highly_Fatal_And_Damaging
8157,Significant_Damage_And_Serious_Injuries
8167,Significant_Damage_And_Fatalities
8172,Significant_Damage_And_Fatalities
8178,Significant_Damage_And_Serious_Injuries
8184,Significant_Damage_And_Fatalities
8186,Highly_Fatal_And_Damaging
8187,Highly_Fatal_And_Damaging
8190,Significant_Damage_And_Fatalities
8198,Significant_Damage_And_Fatalities
8200,Highly_Fatal_And_Damaging
8206,Significant_Damage_And_Serious_Injuries
8217,Significant_Damage_And_Fatalities
8221,Significant_Damage_And_Serious_Injuries
8224,Significant_Damage_And_Serious_Injuries
8230,Highly_Fatal_And_Damaging
8233,Significant_Damage_And_Serious_Injuries
8237,Significant_Damage_And_Fatalities
8239,Significant_Damage_And_Fatalities
8240,Highly_Fatal_And_Damaging
8242,Significant_Damage_And_Serious_Injuries
8243,Highly_Fatal_And_Damaging
8246,Significant_Damage_And_Fatalities
8251,Significant_Damage_And_Serious_Injuries
8253,Highly_Fatal_And_Damaging
8268,Significant_Damage_And_Serious_Injuries
8269,Significant_Damage_And_Serious_Injuries
8277,Highly_Fatal_And_Damaging
8287,Highly_Fatal_And_Damaging
8294,Significant_Damage_And_Fatalities
8297,Significant_Damage_And_Serious_Injuries
8314,Significant_Damage_And_Serious_Injuries
8315,Significant_Damage_And_Fatalities
8317,Significant_Damage_And_Serious_Injuries
8319,Highly_Fatal_And_Damaging
8322,Significant_Damage_And_Fatalities
8327,Significant_Damage_And_Fatalities
8329,Significant_Damage_And_Serious_Injuries
8336,Significant_Damage_And_Serious_Injuries
8345,Highly_Fatal_And_Damaging
8361,Significant_Damage_And_Serious_Injuries
8362,Highly_Fatal_And_Damaging
8365,Significant_Damage_And_Fatalities
8369,Significant_Damage_And_Serious_Injuries
8372,Significant_Damage_And_Fatalities
8374,Significant_Damage_And_Fatalities
8376,Significant_Damage_And_Fatalities
8377,Highly_Fatal_And_Damaging
8388,Significant_Damage_And_Serious_Injuries
8389,Significant_Damage_And_Serious_Injuries
8390,Highly_Fatal_And_Damaging
8395,Significant_Damage_And_Serious_Injuries
8402,Significant_Damage_And_Fatalities
8412,Significant_Damage_And_Serious_Injuries
8419,Highly_Fatal_And_Damaging
8426,Significant_Damage_And_Fatalities
8428,Significant_Damage_And_Fatalities
8429,Significant_Damage_And_Serious_Injuries
8431,Significant_Damage_And_Fatalities
8450,Significant_Damage_And_Fatalities
8456,Highly_Fatal_And_Damaging
8463,Significant_Damage_And_Serious_Injuries
8490,Significant_Damage_And_Fatalities
8491,Significant_Damage_And_Fatalities
8496,Significant_Damage_And_Serious_Injuries
8507,Significant_Damage_And_Fatalities
8513,Significant_Damage_And_Serious_Injuries
8517,Significant_Damage_And_Fatalities
8519,Significant_Damage_And_Serious_Injuries
8524,Highly_Fatal_And_Damaging
8542,Significant_Damage_And_Fatalities
8543,Significant_Damage_And_Fatalities
8551,Significant_Damage_And_Fatalities
8553,Significant_Damage_And_Fatalities
8562,Significant_Damage_And_Serious_Injuries
8567,Significant_Damage_And_Serious_Injuries
8571,Significant_Damage_And_Fatalities
8574,Significant_Damage_And_Fatalities
8575,Significant_Damage_And_Fatalities
8576,Significant_Damage_And_Fatalities
8586,Significant_Damage_And_Serious_Injuries
8587,Highly_Fatal_And_Damaging
8590,Significant_Damage_And_Fatalities
8594,Significant_Damage_And_Fatalities
8596,Significant_Damage_And_Serious_Injuries
8599,Significant_Damage_And_Fatalities
8604,Significant_Damage_And_Serious_Injuries
8606,Significant_Damage_And_Serious_Injuries
8620,Highly_Fatal_And_Damaging
8623,Significant_Damage_And_Fatalities
8643,Significant_Damage_And_Fatalities
8652,Significant_Damage_And_Serious_Injuries
8653,Highly_Fatal_And_Damaging
8655,Significant_Damage_And_Fatalities
8657,Significant_Damage_And_Fatalities
8663,Significant_Damage_And_Fatalities
8665,Significant_Damage_And_Serious_Injuries
8685,Highly_Fatal_And_Damaging
8715,Significant_Damage_And_Serious_Injuries
8719,Highly_Fatal_And_Damaging
8724,Significant_Damage_And_Fatalities
8725,Highly_Fatal_And_Damaging
8726,Highly_Fatal_And_Damaging
8728,Significant_Damage_And_Fatalities
8729,Highly_Fatal_And_Damaging
8730,Highly_Fatal_And_Damaging
8737,Significant_Damage_And_Serious_Injuries
8743,Significant_Damage_And_Fatalities
8744,Significant_Damage_And_Fatalities
8747,Significant_Damage_And_Fatalities
8749,Highly_Fatal_And_Damaging
8751,Significant_Damage_And_Fatalities
8754,Highly_Fatal_And_Damaging
8756,Significant_Damage_And_Fatalities
8759,Significant_Damage_And_Fatalities
8767,Significant_Damage_And_Fatalities
8772,Highly_Fatal_And_Damaging
8773,Significant_Damage_And_Fatalities
8776,Significant_Damage_And_Fatalities
8780,Highly_Fatal_And_Damaging
8781,Significant_Damage_And_Serious_Injuries
8786,Significant_Damage_And_Fatalities
8791,Significant_Damage_And_Fatalities
8793,Highly_Fatal_And_Damaging
8796,Significant_Damage_And_Fatalities
8798,Significant_Damage_And_Fatalities
8804,Significant_Damage_And_Serious_Injuries
8812,Significant_Damage_And_Serious_Injuries
8815,Highly_Fatal_And_Damaging
8862,Significant_Damage_And_Fatalities
8867,Significant_Damage_And_Fatalities
8870,Significant_Damage_And_Fatalities
8873,Highly_Fatal_And_Damaging
8875,Significant_Damage_And_Fatalities
8881,Significant_Damage_And_Serious_Injuries
8882,Significant_Damage_And_Serious_Injuries
8901,Significant_Damage_And_Fatalities
8903,Significant_Damage_And_Serious_Injuries
8905,Significant_Damage_And_Fatalities
8908,Significant_Damage_And_Fatalities
8909,Highly_Fatal_And_Damaging
8913,Significant_Damage_And_Serious_Injuries
8916,Significant_Damage_And_Fatalities
8931,Highly_Fatal_And_Damaging
8936,Highly_Fatal_And_Damaging
8943,Highly_Fatal_And_Damaging
8944,Significant_Damage_And_Fatalities
8961,Significant_Damage_And_Fatalities
8970,Significant_Damage_And_Fatalities
8976,Highly_Fatal_And_Damaging
8983,Highly_Fatal_And_Damaging
8989,Significant_Damage_And_Serious_Injuries
8998,Highly_Fatal_And_Damaging
8999,Significant_Damage_And_Fatalities
9002,Highly_Fatal_And_Damaging
9013,Significant_Damage_And_Serious_Injuries
9014,Significant_Damage_And_Serious_Injuries
9018,Significant_Damage_And_Serious_Injuries
9026,Significant_Damage_And_Serious_Injuries
9027,Significant_Damage_And_Fatalities
9033,Highly_Fatal_And_Damaging
9035,Significant_Damage_And_Fatalities
9040,Significant_Damage_And_Serious_Injuries
9047,Significant_Damage_And_Serious_Injuries
9049,Highly_Fatal_And_Damaging
9051,Significant_Damage_And_Serious_Injuries
9057,Significant_Damage_And_Fatalities
9072,Significant_Damage_And_Fatalities
9078,Significant_Damage_And_Fatalities
9080,Significant_Damage_And_Fatalities
9081,Significant_Damage_And_Fatalities
9083,Significant_Damage_And_Serious_Injuries
9088,Significant_Damage_And_Fatalities
9089,Significant_Damage_And_Fatalities
9109,Highly_Fatal_And_Damaging
9111,Significant_Damage_And_Fatalities
9113,Significant_Damage_And_Fatalities
9117,Significant_Damage_And_Serious_Injuries
9119,Highly_Fatal_And_Damaging
9123,Significant_Damage_And_Fatalities
9127,Significant_Damage_And_Fatalities
9135,Significant_Damage_And_Fatalities
9139,Significant_Damage_And_Serious_Injuries
9143,Significant_Damage_And_Serious_Injuries
9148,Significant_Damage_And_Serious_Injuries
9160,Significant_Damage_And_Serious_Injuries
9166,Highly_Fatal_And_Damaging
9176,Significant_Damage_And_Fatalities
9177,Significant_Damage_And_Fatalities
9178,Significant_Damage_And_Fatalities
9181,Significant_Damage_And_Serious_Injuries
9185,Highly_Fatal_And_Damaging
9187,Significant_Damage_And_Serious_Injuries
9192,Significant_Damage_And_Fatalities
9200,Significant_Damage_And_Serious_Injuries
9212,Significant_Damage_And_Fatalities
9219,Significant_Damage_And_Fatalities
9230,Significant_Damage_And_Fatalities
9231,Significant_Damage_And_Fatalities
9232,Significant_Damage_And_Fatalities
9239,Highly_Fatal_And_Damaging
9242,Highly_Fatal_And_Damaging
9245,Significant_Damage_And_Fatalities
9247,Highly_Fatal_And_Damaging
9250,Highly_Fatal_And_Damaging
9252,Highly_Fatal_And_Damaging
9257,Significant_Damage_And_Fatalities
9260,Significant_Damage_And_Fatalities
9264,Significant_Damage_And_Fatalities
9266,Significant_Damage_And_Fatalities
9270,Highly_Fatal_And_Damaging
9274,Significant_Damage_And_Serious_Injuries
9279,Significant_Damage_And_Fatalities
9281,Highly_Fatal_And_Damaging
9282,Significant_Damage_And_Fatalities
9283,Significant_Damage_And_Fatalities
9292,Significant_Damage_And_Fatalities
9300,Significant_Damage_And_Fatalities
9302,Significant_Damage_And_Fatalities
9303,Significant_Damage_And_Fatalities
9308,Significant_Damage_And_Fatalities
9313,Significant_Damage_And_Fatalities
9321,Highly_Fatal_And_Damaging
9324,Significant_Damage_And_Fatalities
9333,Significant_Damage_And_Serious_Injuries
9340,Significant_Damage_And_Fatalities
9349,Significant_Damage_And_Fatalities
9351,Highly_Fatal_And_Damaging
9352,Highly_Fatal_And_Damaging
9353,Significant_Damage_And_Fatalities
9359,Significant_Damage_And_Serious_Injuries
9363,Highly_Fatal_And_Damaging
9365,Significant_Damage_And_Fatalities
9373,Significant_Damage_And_Fatalities
9377,Significant_Damage_And_Fatalities
9383,Significant_Damage_And_Serious_Injuries
9389,Significant_Damage_And_Serious_Injuries
9392,Highly_Fatal_And_Damaging
9400,Significant_Damage_And_Fatalities
9401,Significant_Damage_And_Fatalities
9407,Significant_Damage_And_Fatalities
9408,Significant_Damage_And_Serious_Injuries
9417,Significant_Damage_And_Fatalities
9423,Highly_Fatal_And_Damaging
9424,Significant_Damage_And_Fatalities
9430,Highly_Fatal_And_Damaging
9449,Highly_Fatal_And_Damaging
9452,Significant_Damage_And_Serious_Injuries
9453,Significant_Damage_And_Fatalities
9456,Highly_Fatal_And_Damaging
9461,Significant_Damage_And_Fatalities
9463,Highly_Fatal_And_Damaging
9465,Significant_Damage_And_Serious_Injuries
9471,Significant_Damage_And_Fatalities
9484,Significant_Damage_And_Fatalities
9489,Significant_Damage_And_Serious_Injuries
9495,Significant_Damage_And_Fatalities
9508,Significant_Damage_And_Fatalities
9515,Significant_Damage_And_Fatalities
9521,Significant_Damage_And_Serious_Injuries
9528,Significant_Damage_And_Fatalities
9534,Highly_Fatal_And_Damaging
9539,Significant_Damage_And_Fatalities
9540,Highly_Fatal_And_Damaging
9553,Highly_Fatal_And_Damaging
9557,Significant_Damage_And_Serious_Injuries
9565,Significant_Damage_And_Serious_Injuries
9572,Significant_Damage_And_Serious_Injuries
9583,Significant_Damage_And_Fatalities
9584,Highly_Fatal_And_Damaging
9585,Significant_Damage_And_Fatalities
9588,Highly_Fatal_And_Damaging
9591,Significant_Damage_And_Fatalities
9595,Highly_Fatal_And_Damaging
9602,Significant_Damage_And_Fatalities
9612,Significant_Damage_And_Fatalities
9615,Highly_Fatal_And_Damaging
9622,Significant_Damage_And_Fatalities
9632,Significant_Damage_And_Fatalities
9636,Significant_Damage_And_Fatalities
9640,Significant_Damage_And_Fatalities
9641,Significant_Damage_And_Fatalities
9648,Significant_Damage_And_Fatalities
9659,Significant_Damage_And_Fatalities
9667,Significant_Damage_And_Fatalities
9669,Significant_Damage_And_Serious_Injuries
9672,Significant_Damage_And_Serious_Injuries
9689,Significant_Damage_And_Fatalities
9694,Highly_Fatal_And_Damaging
9695,Highly_Fatal_And_Damaging
9696,Significant_Damage_And_Serious_Injuries
9699,Significant_Damage_And_Serious_Injuries
9717,Significant_Damage_And_Serious_Injuries
9720,Highly_Fatal_And_Damaging
9721,Significant_Damage_And_Fatalities
9729,Significant_Damage_And_Serious_Injuries
9736,Highly_Fatal_And_Damaging
9740,Significant_Damage_And_Serious_Injuries
9746,Highly_Fatal_And_Damaging
9748,Significant_Damage_And_Serious_Injuries
9750,Significant_Damage_And_Serious_Injuries
9751,Significant_Damage_And_Fatalities
9755,Significant_Damage_And_Fatalities
9757,Highly_Fatal_And_Damaging
9759,Significant_Damage_And_Serious_Injuries
9761,Highly_Fatal_And_Damaging
9770,Significant_Damage_And_Serious_Injuries
9778,Significant_Damage_And_Fatalities
9779,Significant_Damage_And_Fatalities
9783,Significant_Damage_And_Fatalities
9784,Significant_Damage_And_Serious_Injuries
9791,Highly_Fatal_And_Damaging
9798,Significant_Damage_And_Fatalities
9804,Significant_Damage_And_Fatalities
9809,Significant_Damage_And_Serious_Injuries
9811,Significant_Damage_And_Fatalities
9817,Significant_Damage_And_Serious_Injuries
9818,Significant_Damage_And_Fatalities
9819,Highly_Fatal_And_Damaging
9820,Highly_Fatal_And_Damaging
9838,Highly_Fatal_And_Damaging
9840,Significant_Damage_And_Fatalities
9856,Significant_Damage_And_Serious_Injuries
9858,Significant_Damage_And_Serious_Injuries
9861,Significant_Damage_And_Serious_Injuries
9864,Significant_Damage_And_Fatalities
9866,Highly_Fatal_And_Damaging
9889,Highly_Fatal_And_Damaging
9890,Significant_Damage_And_Fatalities
9894,Significant_Damage_And_Serious_Injuries
9896,Significant_Damage_And_Fatalities
9900,Highly_Fatal_And_Damaging
9901,Significant_Damage_And_Fatalities
9903,Highly_Fatal_And_Damaging
9905,Significant_Damage_And_Serious_Injuries
9906,Significant_Damage_And_Fatalities
9912,Significant_Damage_And_Fatalities
9913,Significant_Damage_And_Serious_Injuries
9915,Significant_Damage_And_Fatalities
9918,Significant_Damage_And_Fatalities
9919,Significant_Damage_And_Fatalities
9920,Highly_Fatal_And_Damaging
9924,Significant_Damage_And_Fatalities
9925,Significant_Damage_And_Fatalities
9930,Significant_Damage_And_Fatalities
9936,Significant_Damage_And_Serious_Injuries
9939,Highly_Fatal_And_Damaging
9945,Significant_Damage_And_Serious_Injuries
9947,Significant_Damage_And_Fatalities
9948,Significant_Damage_And_Serious_Injuries
9956,Significant_Damage_And_Fatalities
9963,Highly_Fatal_And_Damaging
9965,Significant_Damage_And_Serious_Injuries
9969,Significant_Damage_And_Fatalities
9972,Significant_Damage_And_Fatalities
9980,Significant_Damage_And_Serious_Injuries
9985,Highly_Fatal_And_Damaging
9991,Significant_Damage_And_Fatalities
9999,Significant_Damage_And_Serious_Injuries
10000,Highly_Fatal_And_Damaging
10002,Significant_Damage_And_Serious_Injuries
10004,Significant_Damage_And_Serious_Injuries
10006,Significant_Damage_And_Fatalities
10008,Significant_Damage_And_Serious_Injuries
10024,Significant_Damage_And_Serious_Injuries
10032,Significant_Damage_And_Fatalities
10038,Significant_Damage_And_Serious_Injuries
10054,Significant_Damage_And_Serious_Injuries
10057,Significant_Damage_And_Fatalities
10062,Highly_Fatal_And_Damaging
10069,Highly_Fatal_And_Damaging
10074,Significant_Damage_And_Serious_Injuries
10085,Significant_Damage_And_Fatalities
10086,Highly_Fatal_And_Damaging
10089,Significant_Damage_And_Fatalities
10092,Highly_Fatal_And_Damaging
10102,Highly_Fatal_And_Damaging
10104,Significant_Damage_And_Fatalities
10112,Highly_Fatal_And_Damaging
10114,Significant_Damage_And_Fatalities
10129,Significant_Damage_And_Fatalities
10134,Significant_Damage_And_Fatalities
10138,Significant_Damage_And_Fatalities
10145,Significant_Damage_And_Serious_Injuries
10152,Significant_Damage_And_Serious_Injuries
10156,Significant_Damage_And_Serious_Injuries
10171,Significant_Damage_And_Fatalities
10182,Significant_Damage_And_Fatalities
10183,Significant_Damage_And_Serious_Injuries
10185,Significant_Damage_And_Fatalities
10194,Highly_Fatal_And_Damaging
10199,Significant_Damage_And_Fatalities
10212,Significant_Damage_And_Fatalities
10220,Significant_Damage_And_Serious_Injuries
10222,Significant_Damage_And_Serious_Injuries
10233,Significant_Damage_And_Fatalities
10235,Highly_Fatal_And_Damaging
10236,Significant_Damage_And_Fatalities
10243,Significant_Damage_And_Serious_Injuries
10247,Highly_Fatal_And_Damaging
10251,Significant_Damage_And_Fatalities
10253,Significant_Damage_And_Fatalities
10263,Highly_Fatal_And_Damaging
10273,Significant_Damage_And_Fatalities
10276,Highly_Fatal_And_Damaging
10282,Significant_Damage_And_Serious_Injuries
10291,Significant_Damage_And_Fatalities
10298,Significant_Damage_And_Fatalities
10300,Significant_Damage_And_Fatalities
10303,Significant_Damage_And_Serious_Injuries
10306,Significant_Damage_And_Fatalities
10307,Significant_Damage_And_Serious_Injuries
10310,Significant_Damage_And_Serious_Injuries
10316,Significant_Damage_And_Fatalities
10324,Significant_Damage_And_Serious_Injuries
10325,Highly_Fatal_And_Damaging
10331,Significant_Damage_And_Fatalities
10332,Significant_Damage_And_Serious_Injuries
10338,Significant_Damage_And_Serious_Injuries
10351,Highly_Fatal_And_Damaging
10358,Significant_Damage_And_Fatalities
10359,Significant_Damage_And_Fatalities
10360,Significant_Damage_And_Serious_Injuries
10366,Significant_Damage_And_Fatalities
10372,Highly_Fatal_And_Damaging
10374,Significant_Damage_And_Fatalities
10390,Highly_Fatal_And_Damaging
10400,Significant_Damage_And_Serious_Injuries
10404,Significant_Damage_And_Fatalities
10406,Significant_Damage_And_Serious_Injuries
10425,Significant_Damage_And_Serious_Injuries
10442,Highly_Fatal_And_Damaging
10452,Significant_Damage_And_Serious_Injuries
10465,Significant_Damage_And_Fatalities
10467,Highly_Fatal_And_Damaging
10480,Significant_Damage_And_Serious_Injuries
10483,Significant_Damage_And_Fatalities
10486,Significant_Damage_And_Fatalities
10490,Significant_Damage_And_Serious_Injuries
10491,Significant_Damage_And_Fatalities
10495,Significant_Damage_And_Fatalities
10496,Significant_Damage_And_Serious_Injuries
10504,Significant_Damage_And_Fatalities
10506,Significant_Damage_And_Serious_Injuries
10508,Highly_Fatal_And_Damaging
10514,Highly_Fatal_And_Damaging
10515,Highly_Fatal_And_Damaging
10517,Highly_Fatal_And_Damaging
10518,Highly_Fatal_And_Damaging
10520,Significant_Damage_And_Fatalities
10527,Highly_Fatal_And_Damaging
10535,Significant_Damage_And_Fatalities
10536,Highly_Fatal_And_Damaging
10547,Significant_Damage_And_Fatalities
10553,Significant_Damage_And_Serious_Injuries
10555,Significant_Damage_And_Serious_Injuries
10556,Highly_Fatal_And_Damaging
10557,Significant_Damage_And_Fatalities
10560,Significant_Damage_And_Fatalities
10572,Significant_Damage_And_Fatalities
10573,Significant_Damage_And_Serious_Injuries
10582,Highly_Fatal_And_Damaging
10587,Highly_Fatal_And_Damaging
10588,Significant_Damage_And_Fatalities
10596,Significant_Damage_And_Fatalities
10600,Highly_Fatal_And_Damaging
10601,Significant_Damage_And_Serious_Injuries
10604,Significant_Damage_And_Serious_Injuries
10607,Significant_Damage_And_Serious_Injuries
10613,Significant_Damage_And_Fatalities
10618,Highly_Fatal_And_Damaging
10621,Highly_Fatal_And_Damaging
10624,Highly_Fatal_And_Damaging
10633,Significant_Damage_And_Fatalities
10638,Significant_Damage_And_Serious_Injuries
10640,Significant_Damage_And_Fatalities
10644,Significant_Damage_And_Serious_Injuries
10647,Highly_Fatal_And_Damaging
10653,Significant_Damage_And_Fatalities
10657,Significant_Damage_And_Fatalities
10658,Highly_Fatal_And_Damaging
10670,Significant_Damage_And_Serious_Injuries
10674,Significant_Damage_And_Serious_Injuries
10685,Highly_Fatal_And_Damaging
10687,Highly_Fatal_And_Damaging
10691,Significant_Damage_And_Fatalities
10692,Highly_Fatal_And_Damaging
10698,Significant_Damage_And_Serious_Injuries
10699,Significant_Damage_And_Fatalities
10702,Significant_Damage_And_Fatalities
10711,Significant_Damage_And_Fatalities
10713,Significant_Damage_And_Serious_Injuries
10718,Significant_Damage_And_Fatalities
10729,Significant_Damage_And_Fatalities
10733,Highly_Fatal_And_Damaging
10736,Significant_Damage_And_Serious_Injuries
10737,Significant_Damage_And_Fatalities
10740,Highly_Fatal_And_Damaging
10746,Significant_Damage_And_Fatalities
10748,Significant_Damage_And_Fatalities
10749,Significant_Damage_And_Fatalities
10750,Highly_Fatal_And_Damaging
10751,Highly_Fatal_And_Damaging
10753,Highly_Fatal_And_Damaging
10776,Significant_Damage_And_Fatalities
10781,Highly_Fatal_And_Damaging
10786,Significant_Damage_And_Serious_Injuries
10792,Significant_Damage_And_Fatalities
10798,Highly_Fatal_And_Damaging
10799,Significant_Damage_And_Fatalities
10808,Highly_Fatal_And_Damaging
10809,Significant_Damage_And_Fatalities
10810,Significant_Damage_And_Fatalities
10812,Significant_Damage_And_Serious_Injuries
10813,Significant_Damage_And_Fatalities
10815,Significant_Damage_And_Fatalities
10819,Highly_Fatal_And_Damaging
10821,Significant_Damage_And_Serious_Injuries
10826,Significant_Damage_And_Fatalities
10832,Significant_Damage_And_Serious_Injuries
10836,Significant_Damage_And_Fatalities
10846,Highly_Fatal_And_Damaging
10853,Highly_Fatal_And_Damaging
10854,Highly_Fatal_And_Damaging
10866,Significant_Damage_And_Fatalities
10867,Significant_Damage_And_Serious_Injuries
10875,Significant_Damage_And_Serious_Injuries
10882,Significant_Damage_And_Serious_Injuries
10892,Significant_Damage_And_Serious_Injuries
10895,Significant_Damage_And_Fatalities
10915,Significant_Damage_And_Serious_Injuries
10921,Significant_Damage_And_Serious_Injuries
10926,Highly_Fatal_And_Damaging
10927,Highly_Fatal_And_Damaging
10934,Significant_Damage_And_Fatalities
10936,Significant_Damage_And_Serious_Injuries
10938,Highly_Fatal_And_Damaging
10941,Significant_Damage_And_Fatalities
10953,Significant_Damage_And_Fatalities
10956,Significant_Damage_And_Fatalities
10957,Highly_Fatal_And_Damaging
10959,Highly_Fatal_And_Damaging
10960,Highly_Fatal_And_Damaging
10963,Significant_Damage_And_Serious_Injuries
10970,Highly_Fatal_And_Damaging
10981,Significant_Damage_And_Fatalities
10982,Significant_Damage_And_Fatalities
10984,Highly_Fatal_And_Damaging
10988,Significant_Damage_And_Fatalities
10996,Significant_Damage_And_Fatalities
11002,Significant_Damage_And_Serious_Injuries
11011,Significant_Damage_And_Fatalities
11017,Significant_Damage_And_Fatalities
11019,Significant_Damage_And_Serious_Injuries
11024,Significant_Damage_And_Fatalities
11029,Significant_Damage_And_Fatalities
11030,Highly_Fatal_And_Damaging
11032,Significant_Damage_And_Fatalities
11036,Significant_Damage_And_Serious_Injuries
11037,Highly_Fatal_And_Damaging
11040,Highly_Fatal_And_Damaging
11043,Significant_Damage_And_Serious_Injuries
11051,Significant_Damage_And_Fatalities
11055,Highly_Fatal_And_Damaging
11056,Significant_Damage_And_Fatalities
11059,Significant_Damage_And_Serious_Injuries
11063,Significant_Damage_And_Fatalities
11067,Significant_Damage_And_Fatalities
11069,Highly_Fatal_And_Damaging
11080,Highly_Fatal_And_Damaging
11082,Highly_Fatal_And_Damaging
11083,Significant_Damage_And_Serious_Injuries
11095,Significant_Damage_And_Serious_Injuries
11102,Significant_Damage_And_Fatalities
11114,Significant_Damage_And_Serious_Injuries
11115,Highly_Fatal_And_Damaging
11122,Significant_Damage_And_Serious_Injuries
11125,Highly_Fatal_And_Damaging
11132,Highly_Fatal_And_Damaging
11140,Significant_Damage_And_Fatalities
11147,Significant_Damage_And_Fatalities
11148,Significant_Damage_And_Serious_Injuries
11151,Significant_Damage_And_Serious_Injuries
11156,Significant_Damage_And_Serious_Injuries
11168,Significant_Damage_And_Fatalities
11174,Significant_Damage_And_Fatalities
11175,Significant_Damage_And_Serious_Injuries
11180,Significant_Damage_And_Serious_Injuries
11189,Highly_Fatal_And_Damaging
11193,Significant_Damage_And_Serious_Injuries
11196,Significant_Damage_And_Fatalities
11197,Significant_Damage_And_Fatalities
11198,Highly_Fatal_And_Damaging
11199,Highly_Fatal_And_Damaging
11204,Significant_Damage_And_Serious_Injuries
11211,Highly_Fatal_And_Damaging
11225,Highly_Fatal_And_Damaging
11235,Highly_Fatal_And_Damaging
11239,Significant_Damage_And_Fatalities
11241,Significant_Damage_And_Fatalities
11250,Significant_Damage_And_Fatalities
11251,Highly_Fatal_And_Damaging
11254,Significant_Damage_And_Fatalities
11260,Significant_Damage_And_Fatalities
11261,Highly_Fatal_And_Damaging
11263,Significant_Damage_And_Fatalities
11267,Highly_Fatal_And_Damaging
11270,Significant_Damage_And_Fatalities
11272,Significant_Damage_And_Fatalities
11275,Significant_Damage_And_Fatalities
11276,Significant_Damage_And_Fatalities
11280,Significant_Damage_And_Serious_Injuries
11282,Significant_Damage_And_Serious_Injuries
11287,Significant_Damage_And_Serious_Injuries
11289,Highly_Fatal_And_Damaging
11291,Significant_Damage_And_Serious_Injuries
11293,Highly_Fatal_And_Damaging
11297,Highly_Fatal_And_Damaging
11301,Significant_Damage_And_Fatalities
11308,Significant_Damage_And_Fatalities
11309,Highly_Fatal_And_Damaging
11310,Significant_Damage_And_Fatalities
11311,Significant_Damage_And_Fatalities
11312,Highly_Fatal_And_Damaging
11315,Significant_Damage_And_Fatalities
11317,Significant_Damage_And_Fatalities
11326,Significant_Damage_And_Fatalities
11334,Highly_Fatal_And_Damaging
11337,Highly_Fatal_And_Damaging
11339,Highly_Fatal_And_Damaging
11346,Significant_Damage_And_Serious_Injuries
11347,Significant_Damage_And_Serious_Injuries
11348,Significant_Damage_And_Fatalities
11352,Highly_Fatal_And_Damaging
11357,Significant_Damage_And_Fatalities
11360,Significant_Damage_And_Fatalities
11368,Significant_Damage_And_Serious_Injuries
11396,Significant_Damage_And_Fatalities
11405,Significant_Damage_And_Fatalities
11411,Highly_Fatal_And_Damaging
11412,Significant_Damage_And_Serious_Injuries
11414,Significant_Damage_And_Serious_Injuries
11417,Significant_Damage_And_Serious_Injuries
11421,Significant_Damage_And_Serious_Injuries
11424,Significant_Damage_And_Fatalities
11428,Significant_Damage_And_Fatalities
11436,Significant_Damage_And_Fatalities
11438,Highly_Fatal_And_Damaging
11439,Significant_Damage_And_Fatalities
11449,Highly_Fatal_And_Damaging
11454,Highly_Fatal_And_Damaging
11456,Significant_Damage_And_Fatalities
11458,Significant_Damage_And_Serious_Injuries
11460,Significant_Damage_And_Fatalities
11461,Significant_Damage_And_Serious_Injuries
11467,Significant_Damage_And_Fatalities
11468,Significant_Damage_And_Fatalities
11480,Significant_Damage_And_Fatalities
11485,Significant_Damage_And_Serious_Injuries
11486,Significant_Damage_And_Fatalities
11491,Significant_Damage_And_Fatalities
11498,Significant_Damage_And_Serious_Injuries
11501,Significant_Damage_And_Serious_Injuries
11502,Significant_Damage_And_Serious_Injuries
11506,Highly_Fatal_And_Damaging
11521,Highly_Fatal_And_Damaging
11523,Highly_Fatal_And_Damaging
11524,Significant_Damage_And_Fatalities
11529,Highly_Fatal_And_Damaging
11532,Significant_Damage_And_Serious_Injuries
11542,Highly_Fatal_And_Damaging
11555,Significant_Damage_And_Fatalities
11559,Significant_Damage_And_Serious_Injuries
11563,Significant_Damage_And_Fatalities
11566,Significant_Damage_And_Serious_Injuries
11572,Significant_Damage_And_Serious_Injuries
11575,Significant_Damage_And_Fatalities
11577,Highly_Fatal_And_Damaging
11579,Significant_Damage_And_Serious_Injuries
11581,Highly_Fatal_And_Damaging
11591,Highly_Fatal_And_Damaging
11594,Highly_Fatal_And_Damaging
11598,Significant_Damage_And_Fatalities
11599,Significant_Damage_And_Serious_Injuries
11601,Significant_Damage_And_Fatalities
11602,Highly_Fatal_And_Damaging
11603,Significant_Damage_And_Fatalities
11610,Significant_Damage_And_Serious_Injuries
11611,Highly_Fatal_And_Damaging
11614,Significant_Damage_And_Fatalities
11621,Significant_Damage_And_Fatalities
11625,Significant_Damage_And_Fatalities
11632,Highly_Fatal_And_Damaging
11633,Highly_Fatal_And_Damaging
11639,Significant_Damage_And_Fatalities
11643,Significant_Damage_And_Serious_Injuries
11647,Highly_Fatal_And_Damaging
11648,Highly_Fatal_And_Damaging
11650,Significant_Damage_And_Serious_Injuries
11657,Significant_Damage_And_Fatalities
11662,Highly_Fatal_And_Damaging
11667,Highly_Fatal_And_Damaging
11681,Highly_Fatal_And_Damaging
11687,Highly_Fatal_And_Damaging
11691,Significant_Damage_And_Fatalities
11707,Significant_Damage_And_Fatalities
11708,Significant_Damage_And_Serious_Injuries
11722,Significant_Damage_And_Serious_Injuries
11726,Highly_Fatal_And_Damaging
11729,Highly_Fatal_And_Damaging
11735,Significant_Damage_And_Fatalities
11739,Significant_Damage_And_Fatalities
11741,Significant_Damage_And_Fatalities
11748,Significant_Damage_And_Serious_Injuries
11749,Significant_Damage_And_Fatalities
11757,Significant_Damage_And_Fatalities
11758,Highly_Fatal_And_Damaging
11765,Significant_Damage_And_Fatalities
11766,Significant_Damage_And_Serious_Injuries
11770,Significant_Damage_And_Serious_Injuries
11772,Significant_Damage_And_Fatalities
11778,Significant_Damage_And_Fatalities
11786,Highly_Fatal_And_Damaging
11789,Significant_Damage_And_Fatalities
11797,Significant_Damage_And_Serious_Injuries
11800,Significant_Damage_And_Fatalities
11804,Significant_Damage_And_Fatalities
11810,Significant_Damage_And_Fatalities
11842,Highly_Fatal_And_Damaging
11843,Highly_Fatal_And_Damaging
11847,Significant_Damage_And_Serious_Injuries
11848,Significant_Damage_And_Serious_Injuries
11849,Significant_Damage_And_Fatalities
11850,Significant_Damage_And_Fatalities
11876,Significant_Damage_And_Fatalities
11879,Significant_Damage_And_Fatalities
11882,Highly_Fatal_And_Damaging
11890,Significant_Damage_And_Fatalities
11894,Significant_Damage_And_Serious_Injuries
11897,Significant_Damage_And_Fatalities
11900,Significant_Damage_And_Fatalities
11904,Highly_Fatal_And_Damaging
11913,Significant_Damage_And_Serious_Injuries
11933,Significant_Damage_And_Fatalities
11943,Significant_Damage_And_Fatalities
11944,Significant_Damage_And_Fatalities
11949,Significant_Damage_And_Fatalities
11952,Highly_Fatal_And_Damaging
11957,Significant_Damage_And_Serious_Injuries
11960,Significant_Damage_And_Fatalities
11975,Significant_Damage_And_Serious_Injuries
11978,Highly_Fatal_And_Damaging
11983,Significant_Damage_And_Serious_Injuries
11990,Highly_Fatal_And_Damaging
12002,Significant_Damage_And_Fatalities
12004,Significant_Damage_And_Fatalities
12011,Significant_Damage_And_Fatalities
12016,Significant_Damage_And_Serious_Injuries
12020,Significant_Damage_And_Fatalities
12023,Significant_Damage_And_Serious_Injuries
12024,Significant_Damage_And_Serious_Injuries
12025,Highly_Fatal_And_Damaging
12045,Highly_Fatal_And_Damaging
12051,Significant_Damage_And_Serious_Injuries
12054,Highly_Fatal_And_Damaging
12055,Highly_Fatal_And_Damaging
12060,Significant_Damage_And_Fatalities
12065,Significant_Damage_And_Fatalities
12068,Highly_Fatal_And_Damaging
12069,Significant_Damage_And_Fatalities
12070,Significant_Damage_And_Serious_Injuries
12072,Significant_Damage_And_Fatalities
12079,Significant_Damage_And_Fatalities
12080,Highly_Fatal_And_Damaging
12086,Significant_Damage_And_Fatalities
12096,Significant_Damage_And_Fatalities
12105,Significant_Damage_And_Fatalities
12106,Significant_Damage_And_Fatalities
12107,Significant_Damage_And_Fatalities
12121,Significant_Damage_And_Serious_Injuries
12125,Significant_Damage_And_Serious_Injuries
12133,Significant_Damage_And_Fatalities
12134,Significant_Damage_And_Serious_Injuries
12150,Highly_Fatal_And_Damaging
12152,Significant_Damage_And_Serious_Injuries
12163,Significant_Damage_And_Fatalities
12173,Highly_Fatal_And_Damaging
12186,Significant_Damage_And_Serious_Injuries
12188,Significant_Damage_And_Fatalities
12191,Significant_Damage_And_Serious_Injuries
12193,Highly_Fatal_And_Damaging
12196,Significant_Damage_And_Serious_Injuries
12198,Significant_Damage_And_Serious_Injuries
12222,Significant_Damage_And_Fatalities
12224,Significant_Damage_And_Serious_Injuries
12225,Highly_Fatal_And_Damaging
12229,Significant_Damage_And_Fatalities
12234,Significant_Damage_And_Fatalities
12235,Highly_Fatal_And_Damaging
12236,Highly_Fatal_And_Damaging
12246,Significant_Damage_And_Fatalities
12250,Significant_Damage_And_Fatalities
12263,Significant_Damage_And_Fatalities
12264,Significant_Damage_And_Fatalities
12269,Highly_Fatal_And_Damaging
12277,Significant_Damage_And_Fatalities
12292,Significant_Damage_And_Serious_Injuries
12310,Significant_Damage_And_Fatalities
12318,Highly_Fatal_And_Damaging
12329,Significant_Damage_And_Serious_Injuries
12332,Significant_Damage_And_Fatalities
12340,Significant_Damage_And_Fatalities
12346,Highly_Fatal_And_Damaging
12353,Significant_Damage_And_Fatalities
12354,Highly_Fatal_And_Damaging
12356,Significant_Damage_And_Serious_Injuries
12366,Significant_Damage_And_Serious_Injuries
12367,Highly_Fatal_And_Damaging
12378,Significant_Damage_And_Serious_Injuries
12389,Significant_Damage_And_Serious_Injuries
12390,Significant_Damage_And_Fatalities
12402,Significant_Damage_And_Serious_Injuries
12406,Significant_Damage_And_Serious_Injuries
12412,Highly_Fatal_And_Damaging
12413,Highly_Fatal_And_Damaging
12415,Significant_Damage_And_Serious_Injuries
12420,Highly_Fatal_And_Damaging
12423,Significant_Damage_And_Fatalities
12432,Significant_Damage_And_Fatalities
12433,Highly_Fatal_And_Damaging
12435,Highly_Fatal_And_Damaging
12436,Significant_Damage_And_Fatalities
12437,Highly_Fatal_And_Damaging
12438,Significant_Damage_And_Fatalities
12442,Significant_Damage_And_Fatalities
12444,Highly_Fatal_And_Damaging
12446,Significant_Damage_And_Fatalities
12461,Highly_Fatal_And_Damaging
12473,Significant_Damage_And_Serious_Injuries
12474,Highly_Fatal_And_Damaging
12476,Significant_Damage_And_Fatalities
12484,Significant_Damage_And_Serious_Injuries
12487,Significant_Damage_And_Fatalities
12488,Significant_Damage_And_Fatalities
12491,Significant_Damage_And_Fatalities
12493,Highly_Fatal_And_Damaging
